PRFID,PRFNM,PRFPDFROM,PRFPDTO,D_DAY,PRFCAST,PRFCREW,PRFRUNTIME,PRFAGE,ENTRPSNM,PCSEGUIDANCE,POSTER,RELATES,PLACEID,PLACENM_x,INFO_URLS,7DAYS RANK,PLACENM_y,SI DO,GU GUN,ADRES,TELNO,RELATE URL,RESTAURANT,CAFE,STORE,NOLIBANG,PARK BARRIER,REST BARRIER,ELEV BARRIER,PARKINGLOT
PF246399,알사탕 [군위],2024.08.13,2024.08.13,0, ,"홍승희 김영인, 전수양 등",1시간,24개월 이상,할리퀸크리에이션즈(주),"1층석 10,000원, 2층석 5,000원",http://www.kopis.or.kr/upload/pfmPoster/PF_PF246399_240806_093933.png,"[('티켓링크', 'http://www.ticketlink.co.kr/product/51259')]",FC000865,군위 삼국유사교육문화회관 (공연장),['http://www.kopis.or.kr/upload/pfmIntroImage/PF_PF246399_240806_0939330.png'],,,,,경상북도 군위군 군위읍 군청로 158,054-380-7212,http://www.gunwiart.go.kr/,,,,,,,,
PF246147,피터팬 [광주],2024.08.01,2024.08.31,18, , ,55분,24개월 이상, ,"전석 25,000원",http://www.kopis.or.kr/upload/pfmPoster/PF_PF246147_240801_103141.jpg,"[('네이버N예약', 'https://booking.naver.com/booking/12/bizes/1105823')]",FC003589,롯데마트 [월드컵] (행복을 주는 가족극장),"['http://www.kopis.or.kr/upload/pfmIntroImage/PF_PF246147_240801_1031412.jpg', 'http://www.kopis.or.kr/upload/pfmIntroImage/PF_PF246147_240801_1031411.jpg', 'http://www.kopis.or.kr/upload/pfmIntroImage/PF_PF246147_240801_1031410.jpg']",,,,,광주광역시 서구 금화로 240 (풍암동), , ,,,,,,,,
PF246133,아기 오리의 모험 [청주],2024.07.01,2024.08.31,18,"오혜미, 정효진, 박용희, 감창선","박소연, 김란, 오동환 등",40분,24개월 이상,펀펀한 뮤지컬컴퍼니,"전석 30,000원",http://www.kopis.or.kr/upload/pfmPoster/PF_PF246133_240801_100237.gif,"[('인터파크', 'http://ticket.interpark.com/Ticket/Goods/GoodsInfo.asp?GoodsCode=24009192')]",FC003652,오즈아트홀 (오즈아트홀),"['http://www.kopis.or.kr/upload/pfmIntroImage/PF_PF246133_240801_1002371.jpg', 'http://www.kopis.or.kr/upload/pfmIntroImage/PF_PF246133_240801_1002370.jpg']",,,,,충청북도 청주시 상당구 교서로 8-4 (영동), , ,,,,,,,,
PF245990,"마침내, 독립 [인천]",2024.08.13,2024.08.13,0,"강영하, 길하윤, 김정익, 김진영, 김혜원, 박가영, 송동욱 등","마영남, 박경희, 이경주 등",1시간 30분,만 8세 이상,극단 예술인,"전석 30,000원",http://www.kopis.or.kr/upload/pfmPoster/PF_PF245990_240730_091445.jpg,"[('엔티켓', 'https://www.enticket.com:469/pfm/sub01_view.html?p_idx=3498'), ('인터파크', 'https://tickets.interpark.com/goods/24011016')]",FC002833,청라복합문화센터 블루노바홀 (공연장),['http://www.kopis.or.kr/upload/pfmIntroImage/PF_PF245990_240730_0914450.jpg'],,,,,인천광역시 서구 청라대로 20 (청라동),032-580-1196,https://iscf.kr/_new/html/centerIntro/cheongna.php,,,,,,,,
PF245889,인어공주 [창원],2024.08.03,2024.08.31,18, , ,45분,전체 관람가, ,"전석 20,000원",http://www.kopis.or.kr/upload/pfmPoster/PF_PF245889_240729_101521.png,"[('네이버N예약', 'https://booking.naver.com/booking/12/bizes/1196262')]",FC002179,창원과학체험관 (다목적강당),"['http://www.kopis.or.kr/upload/pfmIntroImage/PF_PF245889_240729_1015211.png', 'http://www.kopis.or.kr/upload/pfmIntroImage/PF_PF245889_240729_1015210.png']",,,,,경상남도 창원시 성산구 충혼로72번길 16 (중앙동) ,055-267-2676,http://www.cwsc.go.kr/tnboard/,,,,,,,,
PF245875,미운아기오리 [여수],2024.08.03,2024.09.08,26, ,임우현,45분,24개월 이상,(주)상상플레이스 [여순광점],"전석 12,000원",http://www.kopis.or.kr/upload/pfmPoster/PF_PF245875_240726_174226.png,"[('네이버N예약', 'https://booking.naver.com/booking/12/bizes/1182749')]",FC003658,상상플레이스 여순광점(여수 웅천 트리마제벨마레 2305호) (상상플레이스 여순광점),['http://www.kopis.or.kr/upload/pfmIntroImage/PF_PF245875_240726_0542260.png'],,,,,전라남도 여수시 웅천로 83 (웅천동), , ,,,,,,,,
PF245797,알라딘 [서울 미아],2024.08.13,2024.08.18,5, , ,1시간,24개월 이상, ,"전석 30,000원",http://www.kopis.or.kr/upload/pfmPoster/PF_PF245797_240726_095621.jpg,"[('네이버N예약', 'https://booking.naver.com/booking/12/bizes/1205806'), ('예스24', 'http://ticket.yes24.com/Perf/50477')]",FC001658,현대백화점 문화홀 [미아] (현대백화점 문화홀 [미아]),['http://www.kopis.or.kr/upload/pfmIntroImage/PF_PF245797_240726_0956210.jpg'],,,,,서울특별시 성북구 동소문로 315 (길음동),02-2117-2117,http://www.ehyundai.com/newCulture/CW/CW000001_V.do,,,,,,,,
PF245791,어린왕자 [부산],2024.08.02,2024.09.01,19, , ,50분,36개월 이상,극단 바라,"전석 30,000원",http://www.kopis.or.kr/upload/pfmPoster/PF_PF245791_240726_094117.gif,"[('네이버N예약', 'https://booking.naver.com/booking/12/bizes/885672'), ('예스24', 'http://ticket.yes24.com/Perf/50481'), ('인터파크', 'http://ticket.interpark.com/Ticket/Goods/GoodsInfo.asp?GoodsCode=24010674'), ('쿠팡', 'https://trip.coupang.com/tp/products/30000010035050'), ('타임티켓', 'https://www.timeticket.co.kr/?number=5773')]",FC000255,초콜릿팩토리 (초콜릿팩토리),['http://www.kopis.or.kr/upload/pfmIntroImage/PF_PF245791_240726_0941170.jpg'],,,,,부산광역시 남구 수영로 298 (대연동),010-9071-1028,http://blog.naver.com/chocolate-factory,,,,,,,,
PF245687,늑대와 빨간모자 [부천],2024.08.01,2024.09.01,19,"현혜림, 최설아, 김민석",강민영,50분,전체 관람가,극단 천사의노래,"전석 18,000원",http://www.kopis.or.kr/upload/pfmPoster/PF_PF245687_240724_131540.png,"[('네이버N예약', 'https://booking.naver.com/booking/12/bizes/794283')]",FC002478,뉴코아소극장 [부천] (뉴코아소극장 [부천]),['http://www.kopis.or.kr/upload/pfmIntroImage/PF_PF245687_240724_0115400.png'],,,,,경기도 부천시 송내대로 239 (상동),032-624-8120,https://nc123.modoo.at/,,,,,,,,
PF245269,셰프 [서울],2024.07.30,2024.08.31,18, , ,1시간 15분,36개월 이상, ,"VIP석 70,000원, R석 60,000원, S석 50,000원",http://www.kopis.or.kr/upload/pfmPoster/PF_PF245269_240718_104911.gif,"[('네이버N예약', 'https://booking.naver.com/booking/12/bizes/114948'), ('예스24', 'http://ticket.yes24.com/Perf/50492'), ('인터파크', 'http://ticket.interpark.com/Ticket/Goods/GoodsInfo.asp?GoodsCode=24010103')]",FC002631,허리우드극장 (구. 모두의극장) (셰프전용관),"['http://www.kopis.or.kr/upload/pfmIntroImage/PF_PF245269_240718_1049110.jpg', 'http://www.kopis.or.kr/upload/pfmIntroImage/PF_PF245269_240718_1049562.jpg']",,,,,서울특별시 종로구 삼일대로 428 (낙원동),02-742-4231, ,,,,,,,,
PF245087,신데렐라 [울산],2024.07.25,2024.08.24,11, , ,55분,전체 관람가, ,"전석 21,000원",http://www.kopis.or.kr/upload/pfmPoster/PF_PF245087_240716_150417.png,"[('네이버N예약', 'https://booking.naver.com/booking/12/bizes/266447')]",FC001666,레미어린이극장 [울산진장] (레미어린이극장 [울산진장]),['http://www.kopis.or.kr/upload/pfmIntroImage/PF_PF245087_240716_0304170.png'],,,,,울산광역시 북구 진장유통로 64 (진장동),052-288-8799,http://www.reomusical.com/new/main/main.htm,,,,,,,,
PF245081,인어공주 [서울 금천],2024.07.20,2024.08.18,5, , ,55분,24개월 이상, ,"전석 16,000원",http://www.kopis.or.kr/upload/pfmPoster/PF_PF245081_240716_144105.jpg,"[('네이버N예약', 'https://booking.naver.com/booking/12/bizes/264373')]",FC001565,레미어린이극장 [금천] (레미어린이극장 [금천]),['http://www.kopis.or.kr/upload/pfmIntroImage/PF_PF245081_240716_0241050.jpg'],,,,,서울특별시 금천구 두산로 71 (독산동),02-868-5961,http://www.reomusical.com/new/main/main.htm,,,,,,,,
PF245079,백설공주 [대전],2024.07.18,2024.08.18,5, , ,1시간,전체 관람가, ,"전석 16,000원",http://www.kopis.or.kr/upload/pfmPoster/PF_PF245079_240716_142328.jpg,"[('네이버N예약', 'https://booking.naver.com/booking/12/bizes/264422')]",FC001691,조이마루아트홀(복합문화공간 플랜에이) (조이마루아트홀(복합문화공간 플랜에이)),['http://www.kopis.or.kr/upload/pfmIntroImage/PF_PF245079_240716_0223280.jpg'],,,,,대전광역시 유성구 엑스포로97번길 40 (도룡동),042-862-2221,https://plana2021.modoo.at/,,,,,,,,
PF244986,인어공주 [광주],2024.07.25,2024.08.24,11,"김호겸, 조연우, 김우리, 최준서, 이영재, 김슬기, 김효경 등", ,55분,전체 관람가, ,"전석 30,000원",http://www.kopis.or.kr/upload/pfmPoster/PF_PF244986_240715_154939.png,"[('네이버N예약', 'https://booking.naver.com/booking/12/bizes/263658')]",FC001678,레미어린이극장 [광주수완] (레미어린이극장 [광주수완]),['http://www.kopis.or.kr/upload/pfmIntroImage/PF_PF244986_240715_0349390.png'],,,,,광주광역시 광산구 장신로 98 (장덕동),062-975-2860,http://www.reomusical.com/new/main/main.htm?CPC_REFERER=https%3A%2F%2Fsearch.naver.com%2Fsearch.naver%3Fwhere%3Dnexearch%26sm%3Dtop_sug.pre%26fbm%3D1%26acr%3D1%26acq%3D%2,,,,,,,,
PF244959,아기돼지삼형제: 늑대숲 또옹돼지 원정대 [대학로],2024.07.20,2024.08.31,18, , ,1시간,24개월 이상,지니아트랩,"전석 40,000원",http://www.kopis.or.kr/upload/pfmPoster/PF_PF244959_240715_162353.gif,"[('네이버N예약', 'https://booking.naver.com/booking/12/bizes/153307'), ('예스24', 'http://ticket.yes24.com/Perf/50300'), ('인터파크', 'http://ticket.interpark.com/Ticket/Goods/GoodsInfo.asp?GoodsCode=24009893'), ('쿠팡', 'https://trip.coupang.com/tp/products/30000000687074'), ('타임티켓', 'https://www.timeticket.co.kr/?number=5481'), ('티켓링크', 'http://www.ticketlink.co.kr/product/50961')]",FC004018,라온씨어터 (라온씨어터),"['http://www.kopis.or.kr/upload/pfmIntroImage/PF_PF244959_240715_0154583.jpg', 'http://www.kopis.or.kr/upload/pfmIntroImage/PF_PF244959_240715_0154582.jpg', 'http://www.kopis.or.kr/upload/pfmIntroImage/PF_PF244959_240715_0154581.jpg']",,,,,서울특별시 종로구 대학로10길 12 (동숭동) 3층, , ,,,,,,,,
PF244769,메리골드 [대학로],2024.08.08,2024.08.18,5,"선창용, 박웅서, 이영록, 전병혁, 손수아, 강한별, 신혜선 등","신경혜, 김윤규, 김정민 등",1시간 50분,만 10세 이상,극단 비유,"전석 60,000원",http://www.kopis.or.kr/upload/pfmPoster/PF_PF244769_240711_122139.gif,"[('인터파크', 'http://ticket.interpark.com/Ticket/Goods/GoodsInfo.asp?GoodsCode=24009871')]",FC000516,열린극장 (열린극장),['http://www.kopis.or.kr/upload/pfmIntroImage/PF_PF244769_240711_1221390.jpg'],,,,,서울특별시 종로구 창경궁로 258-12 (명륜2가),02-743-6474, ,,,,,,,,
PF244530,연남장 캬바레: 김려원의 ON-LY A ONE,2024.07.29,2024.08.31,18,김려원,"김태형, 장우성, 최수정",1시간 30분,만 13세 이상, ,"전석 55,000원",http://www.kopis.or.kr/upload/pfmPoster/PF_PF244530_240708_144308.gif,"[('인터파크', 'http://ticket.interpark.com/Ticket/Goods/GoodsInfo.asp?GoodsCode=24009735')]",FC002037,연남장 (연남장),"['http://www.kopis.or.kr/upload/pfmIntroImage/PF_PF244530_240708_0243081.jpg', 'http://www.kopis.or.kr/upload/pfmIntroImage/PF_PF244530_240708_0243080.jpg']",,,,,서울특별시 서대문구 연희로5길 22 (연희동),070-4250-7979,https://www.yeonnamjang.com/,,,,,,,,
PF244405,스텝: 춤추는 발자국,2024.04.22,2024.12.31,140,"이은혜, 정윤아, 양석진, 김동환, 김태연 등","오준석, 최용진, 정석봉 등",1시간 10분,전체 관람가, ,"VIP석 40,000원, R석 36,000원",http://www.kopis.or.kr/upload/pfmPoster/PF_PF244405_240705_105539.png,"[('네이버N예약', 'https://booking.naver.com/booking/12/bizes/1187903')]",FC000883,명보아트홀 (다온홀(B1F)),['http://www.kopis.or.kr/upload/pfmIntroImage/PF_PF244405_240806_0534431.png'],,,,,서울특별시 중구 마른내로 47 (초동),02-2274-2121,https://www.facebook.com/myungboart,,,,,,,,
PF244311,아기 돼지 삼형제 [창원],2024.07.01,2024.08.31,18, , ,45분,24개월 이상,극단 보물섬,"전석 25,000원",http://www.kopis.or.kr/upload/pfmPoster/PF_PF244311_240704_102916.png,"[('네이버N예약', 'https://booking.naver.com/booking/12/bizes/1176390')]",FC003783,스파더스페이스 (공연장(4F)),['http://www.kopis.or.kr/upload/pfmIntroImage/PF_PF244311_240704_1029160.png'],,,,,경상남도 창원시 마산합포구 구산면 유산군령로 250, , ,,,,,,,,
PF244127,이쇼 with 연남장 캬바레,2024.07.15,2024.08.26,13, , ,2시간 30분,만 14세 이상, ,"전석 44,000원",http://www.kopis.or.kr/upload/pfmPoster/PF_PF244127_240702_093945.gif,"[('인터파크', 'http://ticket.interpark.com/Ticket/Goods/GoodsInfo.asp?GoodsCode=24009346')]",FC002037,연남장 (연남장),['http://www.kopis.or.kr/upload/pfmIntroImage/PF_PF244127_240702_0939450.jpg'],,,,,서울특별시 서대문구 연희로5길 22 (연희동),070-4250-7979,https://www.yeonnamjang.com/,,,,,,,,
PF243956,빨강머리 토리: 토리의 수상한 가방 [수원],2024.07.17,2024.09.29,47, , ,50분,24개월 이상,극단 꿈의 공작소,"전석 25,000원",http://www.kopis.or.kr/upload/pfmPoster/PF_PF243956_240628_102135.jpg,"[('네이버N예약', 'https://booking.naver.com/booking/12/bizes/1183999'), ('인터파크', 'http://ticket.interpark.com/Ticket/Goods/GoodsInfo.asp?GoodsCode=24009229')]",FC000926,KBS 수원아트홀 (KBS 수원아트홀),['http://www.kopis.or.kr/upload/pfmIntroImage/PF_PF243956_240628_1021350.jpg'],,KBS 수원아트홀,경기,수원시,경기도 수원시 팔달구 인계로 123 (인계동),031-216-5201,http://www.kbssuwonart.co.kr/,,,,,,,,
PF243947,흔해빠진 일,2024.07.27,2024.08.18,5,"강인수, 조모세, 길하은, 신가은, 이한솔, 김도하, 최지우 등","양문수, 장지영, 김기연 등",2시간 35분,만 13세 이상,(주)얄랄라이,"VIP석 88,000원, R석 77,000원, S석 66,000원",http://www.kopis.or.kr/upload/pfmPoster/PF_PF243947_240628_093942.gif,"[('LG아트센터', 'https://www.lgart.com/product/performance/252861'), ('인터파크', 'http://ticket.interpark.com/Ticket/Goods/GoodsInfo.asp?GoodsCode=L0000091')]",FC003045,LG아트센터 서울 (U+ 스테이지),"['http://www.kopis.or.kr/upload/pfmIntroImage/PF_PF243947_240628_0939422.jpg', 'http://www.kopis.or.kr/upload/pfmIntroImage/PF_PF243947_240628_0939421.jpg', 'http://www.kopis.or.kr/upload/pfmIntroImage/PF_PF243947_240628_0939420.jpg']",,LG아트센터 서울,서울,강서구,서울특별시 강서구 마곡중앙로 136(마곡동),00-1661-0017,https://www.lgart.com/Home/Main,,,,,,,,
PF243901,넌 특별하단다 [서울],2024.08.03,2024.08.18,5,"신영주, 민병욱, 배혜미, 백나라, 정은영, 박현석, 박청용 등","홍경숙, 노혜란, 이다희 등",1시간,36개월 이상,아트컴퍼니 행복자,"전석 40,000원",http://www.kopis.or.kr/upload/pfmPoster/PF_PF243901_240627_111808.gif,"[('네이버N예약', 'https://booking.naver.com/booking/12/bizes/1182104'), ('인터파크', 'http://ticket.interpark.com/Ticket/Goods/GoodsInfo.asp?GoodsCode=24008670'), ('타임티켓', 'https://www.timeticket.co.kr/?number=5716'), ('티몬', 'https://www.tmon.co.kr/deal/27021068510')]",FC001428,한국콘텐츠진흥원 CKL스테이지 (한국콘텐츠진흥원 CKL스테이지),['http://www.kopis.or.kr/upload/pfmIntroImage/PF_PF243901_240627_1118080.jpg'],,,,,서울특별시 중구 청계천로 40,02-6441-3951,https://venture.ckl.or.kr/stage/main.do,,,,,,,,
PF243886,홍련,2024.07.30,2024.08.31,18,"한재아, 김이후, 홍나현, 이아름솔, 김경민, 이지연, 고상호 등","배시현, 박신애, 옥한나 등",1시간 30분,만 13세 이상,(주)마틴엔터테인먼트,"R석 66,000원, S석 55,000원",http://www.kopis.or.kr/upload/pfmPoster/PF_PF243886_240627_102941.gif,"[('대학로티켓닷컴', 'http://www.maketicket.co.kr/ticket/GD25694'), ('인터파크', 'http://ticket.interpark.com/Ticket/Goods/GoodsInfo.asp?GoodsCode=24009039')]",FC000785,대학로 자유극장 (자유문화발전소) (대학로 자유극장 (자유문화발전소)),['http://www.kopis.or.kr/upload/pfmIntroImage/PF_PF243886_240627_1029410.jpg'],20.428571428571427,,,,서울특별시 종로구 대학로12길 31 (동숭동),02-743-0661, ,,,,,,,,
PF243842,앤서니 브라운의 난 책이 좋아요,2024.08.03,2024.09.14,32, ,"김명훈, 서희정, 김온 등",1시간,24개월 이상, ,"전석 50,000원",http://www.kopis.or.kr/upload/pfmPoster/PF_PF243842_240626_144827.gif,"[('네이버N예약', 'https://booking.naver.com/booking/12/bizes/1183574'), ('인터파크', 'http://ticket.interpark.com/Ticket/Goods/GoodsInfo.asp?GoodsCode=24008882'), ('타임티켓', 'https://www.timeticket.co.kr/?number=5732')]",FC002894,북아현아트홀 (북아현아트홀),['http://www.kopis.or.kr/upload/pfmIntroImage/PF_PF243842_240626_0248270.jpg'],,,,,서울특별시 서대문구 북아현로 51(북아현동),02-360-8663,https://www.sscmc.or.kr/culture3/,,,,,,,,
PF243763,비밀의 화원,2024.08.01,2024.09.22,40,"김청아, 이금조, 김서환, 정백선, 박선영, 김지혜, 송영미 등","이기쁨, 이성준, 강하님 등",1시간 40분,만 7세 이상,(재)국립정동극장,"전석 70,000원",http://www.kopis.or.kr/upload/pfmPoster/PF_PF243763_240626_100120.gif,"[('BC페이북(BC플랫폼)', 'https://ticket.paybooc.co.kr:447/Play/PlayDetail?playNum=70924'), ('나눔티켓', 'https://www.nanumticket.or.kr/pe/detail.html?p_marking=&p_new=&start2=0&page_no2=1&p_idx=12397'), ('위메프', 'https://ticket.wemakeprice.com/product/3000012154'), ('인터파크', 'http://ticket.interpark.com/Ticket/Goods/GoodsInfo.asp?GoodsCode=24008917'), ('클립서비스', 'https://www.clipservice.co.kr/Clipservice/Ticket/ShowDetail?playNum=77960'), ('코스타', 'https://ticket.co-star.kr/shop/item.php?it_id=1719477556')]",FC000006,국립정동극장 (국립정동극장),['http://www.kopis.or.kr/upload/pfmIntroImage/PF_PF243763_240626_1001210.jpg'],32.857142857142854,,,,서울특별시 중구 정동길 43 (정동),02-751-1500,http://www.jeongdong.or.kr,,,,,,,,
PF243627,스파이,2024.08.06,2024.10.27,75,"성태준, 정동화, 원태민, 현석준, 이진우, 최병찬, 강정임 등","라현아, 박신혜, 한지안 등",2시간,만 13세 이상,미스틱컬처,"한줄기의빛석 70,000원, 스파이더맨인블랙석 60,000원, 로마의대체휴일석 50,000원, 미션임파서블드림석 40,000원, 티파니에서야참을석 30,000원",http://www.kopis.or.kr/upload/pfmPoster/PF_PF243627_240624_142345.gif,"[('인터파크', 'http://ticket.interpark.com/Ticket/Goods/GoodsInfo.asp?GoodsCode=24009007')]",FC000570,동국대학교 (이해랑예술극장),"['http://www.kopis.or.kr/upload/pfmIntroImage/PF_PF243627_240624_0223451.jpg', 'http://www.kopis.or.kr/upload/pfmIntroImage/PF_PF243627_240624_0223450.jpg']",,,,,서울특별시 중구 필동로1길 30 (필동3가),02-2260-8901,http://www.xn--3i0by5pyxij4d72bsi666f.com/,,,,,,,,
PF243362,접변 [대학로],2024.07.20,2024.09.22,40,"임찬민, 송지온, 정우연, 양서윤, 전해주, 전하영, 윤정섭 등","이기쁨, 한곤, 최종혁 등",1시간 40분,만 13세 이상,"네버엔딩플레이(N.E.P Contents), 포커스테이지","R석 66,000원, S석 55,000원, A석 44,000원, 시야제한석 20,000원",http://www.kopis.or.kr/upload/pfmPoster/PF_PF243362_240620_093509.gif,"[('인터파크', 'http://ticket.interpark.com/Ticket/Goods/GoodsInfo.asp?GoodsCode=24008373')]",FC000382,티오엠씨어터(구. 문화공간필링) (2관),['http://www.kopis.or.kr/upload/pfmIntroImage/PF_PF243362_240620_0935090.jpg'],37.0,,,,서울특별시 종로구 대학로8가길 85 (동숭동),00-1544-8303,http://www.towntom.com/,,,,,,,,
PF243273,"종로 가족공연축제, 달님이 주신 아이",2024.08.09,2024.08.17,4,"이새롬, 강나리, 박하나, 서인권, 박상연","민찬홍, 홍성연, 한승훈 등",1시간,36개월 이상,창작꿈터 놀이공장,"전석 20,000원",http://www.kopis.or.kr/upload/pfmPoster/PF_PF243273_240619_094001.gif,"[('인터파크', 'http://ticket.interpark.com/Ticket/Goods/GoodsInfo.asp?GoodsCode=24008446')]",FC001435,종로아이들극장 (종로아이들극장),"['http://www.kopis.or.kr/upload/pfmIntroImage/PF_PF243273_240619_0940013.jpg', 'http://www.kopis.or.kr/upload/pfmIntroImage/PF_PF243273_240619_0940012.jpg', 'http://www.kopis.or.kr/upload/pfmIntroImage/PF_PF243273_240619_0940011.jpg', 'http://www.kopis.or.kr/upload/pfmIntroImage/PF_PF243273_240619_0940010.jpg']",,,,,서울특별시 종로구 성균관로 91 - 0 국민생활관,02-2088-4290,https://jct.jfac.or.kr/site/child/home,,,,,,,,
PF243215,알라딘 [인천],2024.07.27,2024.08.15,2, , ,55분,전체 관람가, ,"전석 22,900원",http://www.kopis.or.kr/upload/pfmPoster/PF_PF243215_240618_103526.png,"[('네이버N예약', 'https://booking.naver.com/booking/12/bizes/1177716')]",FC001927,아띠홀 (아띠홀),['http://www.kopis.or.kr/upload/pfmIntroImage/PF_PF243215_240619_0859201.jpeg'],,,,,인천광역시 서구 청라에메랄드로 99 (청라동),032-623-4222,https://attihall.modoo.at/,,,,,,,,
PF243081,유진과 유진 [대학로],2024.07.06,2024.09.22,40,"최태이, 오유민, 전혜주, 유주혜, 강혜인, 이한별","김솔지, 이기쁨, 양지해 등",1시간 40분,만 10세 이상,낭만바리케이트,"유진석 65,000원, 소라석 55,000원",http://www.kopis.or.kr/upload/pfmPoster/PF_PF243081_240617_100852.gif,"[('BC페이북(BC플랫폼)', 'https://ticket.paybooc.co.kr:447/Play/PlayDetail?playNum=70936'), ('네이버N예약', 'https://booking.naver.com/booking/12/bizes/1196080'), ('인터파크', 'http://ticket.interpark.com/Ticket/Goods/GoodsInfo.asp?GoodsCode=24008248'), ('클립서비스', 'https://www.clipservice.co.kr/Clipservice/Ticket/ShowDetail?playNum=78011'), ('티켓링크', 'https://www.ticketlink.co.kr/product/51222')]",FC001528,링크아트센터드림 (드림 4관),"['http://www.kopis.or.kr/upload/pfmIntroImage/PF_PF243081_240806_0116182.jpg', 'http://www.kopis.or.kr/upload/pfmIntroImage/PF_PF243081_240806_0116181.jpg']",42.0,,,,서울특별시 종로구 동숭길 123 (동숭동),02-3481-8843,http://blog.naver.com/dreamartcenter,,,,,,,,
PF243001,캐치! 티니핑: 두근두근 싱어롱 콘서트! [서울 (앵콜) ],2024.08.01,2024.08.18,5,"박정윤, 이아영, 안정현, 유현주, 박희민, 최현진, 김혜경 등","홍승희, 김한솔, 박상우 등",1시간 05분,24개월 이상,"(주)쇼노트, (주)에스에이엠지엔터테인먼트(SAMG엔터테인먼트), (주)이캐슬, (주)하늘이엔티","R석 66,000원",http://www.kopis.or.kr/upload/pfmPoster/PF_PF243001_240614_094817.gif,"[('네이버N예약', 'https://booking.naver.com/booking/12/bizes/1178141'), ('멜론티켓', 'https://ticket.melon.com/performance/index.htm?prodId=209990'), ('인터파크', 'http://ticket.interpark.com/Ticket/Goods/GoodsInfo.asp?GoodsCode=24008303')]",FC001799,이화여자대학교 삼성홀 (이화여자대학교 삼성홀),['http://www.kopis.or.kr/upload/pfmIntroImage/PF_PF243001_240614_0948170.jpg'],,,,,서울특별시 서대문구 이화여대길 52 (대현동),02-6380-4430,http://samsunghall.ticketlink.co.kr/,,,,,,,,
PF242984,인피니티 플라잉 (INFINITY FLYING) [경주],2024.06.13,2024.08.31,18,"황근생, 이영주, 김승혜, 박민혜","최철기, 김진홍, 임중석 등",1시간 20분,36개월 이상,(주)페르소나 경주플라잉,"전석 40,000원",http://www.kopis.or.kr/upload/pfmPoster/PF_PF242984_240613_152220.png,"[('네이버N예약', 'https://booking.naver.com/booking/12/bizes/153378')]",FC001081,경주세계문화엑스포 (문화센터공연장),"['http://www.kopis.or.kr/upload/pfmIntroImage/PF_PF242984_240613_0322204.png', 'http://www.kopis.or.kr/upload/pfmIntroImage/PF_PF242984_240613_0322203.jpg', 'http://www.kopis.or.kr/upload/pfmIntroImage/PF_PF242984_240613_0322202.jpg', 'http://www.kopis.or.kr/upload/pfmIntroImage/PF_PF242984_240613_0322201.jpg', 'http://www.kopis.or.kr/upload/pfmIntroImage/PF_PF242984_240613_0322200.jpg']",,경주세계문화엑스포,경북,경주시,경상북도 경주시 경감로 614 (천군동),054-748-3011,http://www.cultureexpo.or.kr/open.content/ko/,,,,,,,,
PF242932,시데레우스,2024.07.24,2024.10.13,61,"이창용, 안재영, 김지철, 기세중, 정휘, 윤석호, 유낙원 등","신동은, 백승우, 이유정 등",1시간 40분,만 7세 이상,(주)랑,"R석 66,000원, S석 55,000원",http://www.kopis.or.kr/upload/pfmPoster/PF_PF242932_240613_112051.jpg,"[('BC페이북(BC플랫폼)', 'https://ticket.paybooc.co.kr:447/Play/PlayDetail?playNum=70935'), ('네이버N예약', 'https://booking.naver.com/booking/12/bizes/1178225'), ('예스24', 'http://ticket.yes24.com/Perf/50004'), ('인터파크', 'http://ticket.interpark.com/Ticket/Goods/GoodsInfo.asp?GoodsCode=24008243'), ('클립서비스', 'https://www.clipservice.co.kr/Clipservice/Ticket/ShowDetail?playNum=78010')]",FC001459,플러스씨어터(구. 컬처스페이스 엔유 구. 쁘티첼 씨어터) (플러스씨어터(구. 컬처스페이스 엔유 구. 쁘티첼 씨어터)),['http://www.kopis.or.kr/upload/pfmIntroImage/PF_PF242932_240613_1120510.jpg'],14.571428571428571,,,,서울특별시 종로구 대학로12길 73 (동숭동),02-731-9199, ,,,,,,,,
PF242849,구름빵 [서울 광진구],2024.08.01,2024.08.25,12, , ,50분,전체 관람가, ,"전석 35,000원",http://www.kopis.or.kr/upload/pfmPoster/PF_PF242849_240612_130803.gif,"[('네이버N예약', 'https://booking.naver.com/booking/12/bizes/787665'), ('인터파크', 'http://ticket.interpark.com/Ticket/Goods/GoodsInfo.asp?GoodsCode=24008152')]",FC001462,상상나라극장 (상상나라극장),['http://www.kopis.or.kr/upload/pfmIntroImage/PF_PF242849_240612_0108030.jpg'],,,,,서울특별시 광진구 능동로 216 (능동),02-456-0116, ,,,,,,,,
PF242843,종이아빠 [대학로],2024.07.18,2024.08.15,2,"송명강, 서별, 문보은, 이태양, 배조은 등","노혜란, 홍경숙, 지민영 등",1시간,36개월 이상, ,"전석 40,000원",http://www.kopis.or.kr/upload/pfmPoster/PF_PF242843_240621_173322.png,"[('네이버N예약', 'https://booking.naver.com/booking/12/bizes/1139434'), ('대학로티켓닷컴', 'http://www.maketicket.co.kr/ticket/GD25601'), ('인터파크', 'http://ticket.interpark.com/Ticket/Goods/GoodsInfo.asp?GoodsCode=24007574'), ('타임티켓', 'https://www.timeticket.co.kr/?number=5708'), ('티몬', 'www.tmon.co.kr/deal/26955531994')]",FC001298,"시온아트홀 (구. JK아트홀, 구. 샘아트홀) (시온아트홀(구. JK아트홀, 구. 샘아트홀))","['http://www.kopis.or.kr/upload/pfmIntroImage/PF_PF242843_240621_0532102.jpg', 'http://www.kopis.or.kr/upload/pfmIntroImage/PF_PF242843_240621_0532101.jpg']",,,,,서울특별시 종로구 대학로8가길 52 (동숭동),070-8719-9106,https://www.wwww.theblessed.net/,,,,,,,,
PF242836,투가이즈쇼 #2. GENERATION,2024.07.08,2024.10.07,55,"최호승, 기세중, 추민주, 노희찬, 김도원, 최정원, 김환희 등","한소영, 한혜신, 이준 등",1시간 40분,만 13세 이상, ,"전석 70,000원",http://www.kopis.or.kr/upload/pfmPoster/PF_PF242836_240612_124051.jpg,"[('예스24', 'http://ticket.yes24.com/Perf/49981')]",FC002033,구름아래소극장 (구름아래소극장),"['http://www.kopis.or.kr/upload/pfmIntroImage/PF_PF242836_240612_1240511.jpg', 'http://www.kopis.or.kr/upload/pfmIntroImage/PF_PF242836_240612_1240510.jpg']",,,,,서울특별시 마포구 와우산로29가길 15 (서교동),02-3280-8800,http://gurumare.co.kr/,,,,,,,,
PF242726,고릴라 [김포],2024.08.07,2024.08.17,4, ,"이장환, 한유승, 신반석 등",50분,전체 관람가, ,"전석 32,000원",http://www.kopis.or.kr/upload/pfmPoster/PF_PF242726_240611_095844.png,"[('네이버N예약', 'https://booking.naver.com/booking/12/bizes/1124488')]",FC002017,김포한강괜찮은홀 (김포한강괜찮은홀),"['http://www.kopis.or.kr/upload/pfmIntroImage/PF_PF242726_240611_0958441.png', 'http://www.kopis.or.kr/upload/pfmIntroImage/PF_PF242726_240611_0958440.jpg']",,,,,경기도 김포시 양촌읍 석모로 103 (석모리),070-8886-2516, ,,,,,,,,
PF242666,페인터즈 [서대문전용관],2024.06.05,2024.08.31,18, , ,1시간 15분,전체 관람가,(주)펜타토닉,"VIP석 70,000원, R석 50,000원",http://www.kopis.or.kr/upload/pfmPoster/PF_PF242666_240805_155829.jpg,"[('네이버N예약', 'https://booking.naver.com/booking/12/bizes/942356'), ('인터파크', 'http://ticket.interpark.com/Ticket/Goods/GoodsInfo.asp?GoodsCode=24007854'), ('타임티켓', 'https://www.timeticket.co.kr/?number=5694'), ('티켓링크', 'http://www.ticketlink.co.kr/product/50505')]",FC000576,NH아트홀 (NH아트홀),['http://www.kopis.or.kr/upload/pfmIntroImage/PF_PF242666_240610_0246120.jpg'],,NH아트홀,서울,중구,서울특별시 중구 통일로 120 (충정로1가),02-3143-5959,http://www.fanta-stick.co.kr/kor/fs1.html,,,,,,,,
PF242456,아이위시 [서울],2024.07.05,2024.08.31,18,"정호준, 김초하, 오주언, 박현수","이석준, 류찬, 이현정 등",1시간 30분,만 13세 이상, ,"전석 44,000원",http://www.kopis.or.kr/upload/pfmPoster/PF_PF242456_240607_122831.gif,"[('네이버N예약', 'https://booking.naver.com/booking/12/bizes/1185254'), ('인터파크', 'http://ticket.interpark.com/Ticket/Goods/GoodsInfo.asp?GoodsCode=24007986'), ('클립서비스', 'https://www.clipservice.co.kr/Clipservice/Ticket/ShowDetail?playNum=77968')]",FC002037,연남장 (연남장),['http://www.kopis.or.kr/upload/pfmIntroImage/PF_PF242456_240807_0240501.jpg'],,,,,서울특별시 서대문구 연희로5길 22 (연희동),070-4250-7979,https://www.yeonnamjang.com/,,,,,,,,
PF242455,"연남장 캬바레, 오늘 처음 만드는 뮤지컬 [서울]",2024.07.05,2024.08.31,18,"한세라, 김지훈, 이정수, 김승용, 박은미, 정다희, 장우성 등","김태형, 허안, 최수정 등",1시간 30분,만 13세 이상, ,"전석 44,000원",http://www.kopis.or.kr/upload/pfmPoster/PF_PF242455_240607_121736.gif,"[('네이버N예약', 'https://booking.naver.com/booking/12/bizes/1185254'), ('인터파크', 'http://ticket.interpark.com/Ticket/Goods/GoodsInfo.asp?GoodsCode=24007991'), ('클립서비스', 'https://www.clipservice.co.kr/Clipservice/Ticket/ShowDetail?playNum=77983')]",FC002037,연남장 (연남장),['http://www.kopis.or.kr/upload/pfmIntroImage/PF_PF242455_240607_1217360.jpg'],,,,,서울특별시 서대문구 연희로5길 22 (연희동),070-4250-7979,https://www.yeonnamjang.com/,,,,,,,,
PF242396,사의찬미 [대학로],2024.07.02,2024.09.22,40,"주민진, 진태화, 임준혁, 홍승안, 최연우, 김려원, 이정화 등","송은도, 성종완, 김은영 등",1시간 50분,만 12세 이상,(주)네오,"R석 77,000원, S석 66,000원, A석 55,000원",http://www.kopis.or.kr/upload/pfmPoster/PF_PF242396_240605_135503.jpg,"[('대학로티켓닷컴', 'http://www.maketicket.co.kr/ticket/GD25513'), ('예스24', 'http://ticket.yes24.com/Perf/49911'), ('위메프', 'https://ticket.wemakeprice.com/product/3000012222')]",FC003244,링크아트센터 (페이코홀),['http://www.kopis.or.kr/upload/pfmIntroImage/PF_PF242396_240605_0155030.jpg'],43.66666666666666,,,,서울특별시 종로구 대학로14길 29(혜화동), , ,,,,,,,,
PF242395,박열 [대학로],2024.07.16,2024.09.29,47,"손유동, 현석준, 백기범, 이정화, 박새힘, 최지혜, 문경초 등","김수로, 김보람, 성종완 등",1시간 40분,만 13세 이상,(주)더블케이 필름 앤 씨어터 (더블케이엔터테인먼트),"전석 66,000원",http://www.kopis.or.kr/upload/pfmPoster/PF_PF242395_240605_134104.gif,"[('위메프', 'https://ticket.wemakeprice.com/product/3000012153'), ('인터파크', 'http://ticket.interpark.com/Ticket/Goods/GoodsInfo.asp?GoodsCode=24007631'), ('클립서비스', 'https://www.clipservice.co.kr/Clipservice/Ticket/ShowDetail?playNum=77924')]",FC001528,링크아트센터드림 (드림 3관),['http://www.kopis.or.kr/upload/pfmIntroImage/PF_PF242395_240605_0141040.jpg'],,,,,서울특별시 종로구 동숭길 123 (동숭동),02-3481-8843,http://blog.naver.com/dreamartcenter,,,,,,,,
PF242371,로보카폴리: 잡아라! 황금트로피! [대구],2024.08.03,2024.08.15,2, , ,1시간 05분,24개월 이상, ,"전석 66,000원",http://www.kopis.or.kr/upload/pfmPoster/PF_PF242371_240605_114647.gif,"[('네이버N예약', 'https://booking.naver.com/booking/12/bizes/1172264'), ('예스24', 'http://ticket.yes24.com/Perf/49921'), ('위메프', 'https://ticket.wemakeprice.com/product/3000012086'), ('인터파크', 'http://ticket.interpark.com/Ticket/Goods/GoodsInfo.asp?GoodsCode=24007858')]",FC001613,신세계 문화홀 8층 [대구] (신세계 문화홀 8층 [대구]),['http://www.kopis.or.kr/upload/pfmIntroImage/PF_PF242371_240605_1146470.jpg'],,,,,대구광역시 동구 동부로 149 (신천동),053-661-1510,https://www.shinsegae.com/culture/culturehall/about.do,,,,,,,,
PF242265,조선 이야기꾼 전기수,2024.07.27,2024.08.25,12,"박혜원, 노혜성, 박한들, 김하준, 노현창, 신재성, 전재광 등","한승원, 황미주, 양지해 등",1시간 30분,만 7세 이상,"(주)에이치제이컬쳐(HJ컬쳐), EBS미디어(주), 에이치제이키즈(주)","OP석 88,000원, R석 88,000원, S석 66,000원",http://www.kopis.or.kr/upload/pfmPoster/PF_PF242265_240604_092742.jpg,"[('BC페이북(BC플랫폼)', 'https://ticket.paybooc.co.kr:447/Play/PlayDetail?playNum=70923'), ('네이버N예약', 'https://booking.naver.com/booking/12/bizes/1176927'), ('예스24', 'http://ticket.yes24.com/Perf/49904'), ('위메프', 'https://ticket.wemakeprice.com/product/3000012090'), ('인터파크', 'http://ticket.interpark.com/Ticket/Goods/GoodsInfo.asp?GoodsCode=24007639'), ('클립서비스', 'https://www.clipservice.co.kr/Clipservice/Ticket/ShowDetail?playNum=77951'), ('티몬', 'www.tmon.co.kr/deal/27065522546')]",FC000788,마포아트센터 (아트홀맥),['http://www.kopis.or.kr/upload/pfmIntroImage/PF_PF242265_240711_0206081.jpg'],43.66666666666666,,,,서울특별시 마포구 대흥로20길 28 (대흥동),02-3274-8500,http://www.mapoartcenter.or.kr/,,,,,,,,
PF242231,"헬로카봇 시즌8, 미래연구소를 지켜라!",2024.07.27,2024.08.18,5, , ,1시간 05분,24개월 이상, ,"R석 70,000원, S석 60,000원",http://www.kopis.or.kr/upload/pfmPoster/PF_PF242231_240603_134919.gif,"[('네이버N예약', 'https://booking.naver.com/booking/12/bizes/1157358'), ('위메프', 'https://ticket.wemakeprice.com/product/3000012093'), ('인터파크', 'http://ticket.interpark.com/Ticket/Goods/GoodsInfo.asp?GoodsCode=24007646')]",FC000062,백암아트홀 (백암아트홀),['http://www.kopis.or.kr/upload/pfmIntroImage/PF_PF242231_240603_0149190.jpg'],,,,,서울특별시 강남구 테헤란로113길 7 (삼성동),02-559-1333,http://www.baekamhall.com/,,,,,,,,
PF242052,베르사유의 장미,2024.07.16,2024.10.13,61,"옥주현, 김지우, 정유지, 이해준, 김성식, 고은성, 박민성 등","엄홍현, 김지원, 왕용범 등",2시간 30분,만 7세 이상,(주)EMK뮤지컬컴퍼니,"VIP석 170,000원, R석 140,000원, S석 110,000원, A석 80,000원",http://www.kopis.or.kr/upload/pfmPoster/PF_PF242052_240530_132555.gif,"[('멜론티켓', 'https://ticket.melon.com/performance/index.htm?prodId=209927'), ('인터파크', 'http://ticket.interpark.com/Ticket/Goods/GoodsInfo.asp?GoodsCode=24007345')]",FC000014,충무아트센터 (대공연장),['http://www.kopis.or.kr/upload/pfmIntroImage/PF_PF242052_240712_1119241.jpg'],13.142857142857142,,,,서울특별시 중구 퇴계로 387 (흥인동),02-2230-6601,www.caci.or.kr/caci/main/main.do,,,,,,,,
PF242005,엄마는 안 가르쳐 줘,2024.07.18,2024.08.17,4,"지근우, 임혁빈, 배혜미, 이다희, 이유진, 김정식, 박성현 등","김나영, 홍경숙, 노혜란 등",50분,36개월 이상, ,"전석 40,000원",http://www.kopis.or.kr/upload/pfmPoster/PF_PF242005_240530_100648.gif,"[('네이버N예약', 'https://booking.naver.com/booking/12/bizes/927422'), ('인터파크', 'http://ticket.interpark.com/Ticket/Goods/GoodsInfo.asp?GoodsCode=24007573'), ('타임티켓', 'https://www.timeticket.co.kr/?number=5707'), ('티몬', 'www.tmon.co.kr/deal/26953737050')]",FC001298,"시온아트홀 (구. JK아트홀, 구. 샘아트홀) (시온아트홀(구. JK아트홀, 구. 샘아트홀))",['http://www.kopis.or.kr/upload/pfmIntroImage/PF_PF242005_240621_0540341.jpg'],,,,,서울특별시 종로구 대학로8가길 52 (동숭동),070-8719-9106,https://www.wwww.theblessed.net/,,,,,,,,
PF241845,인어공주 [서울 목동],2024.07.20,2024.09.01,19, , ,1시간,전체 관람가, ,"전석 40,000원",http://www.kopis.or.kr/upload/pfmPoster/PF_PF241845_240528_095919.jpg,"[('네이버N예약', 'https://booking.naver.com/booking/12/bizes/1141945'), ('인터파크', 'https://tickets.interpark.com/goods/24007073'), ('타임티켓', 'https://www.timeticket.co.kr/?number=5728')]",FC001107,한국방송회관 코바코홀 (구. 브로드홀) (한국방송회관 코바코홀 (구. 브로드홀)),['http://www.kopis.or.kr/upload/pfmIntroImage/PF_PF241845_240528_0959190.jpg'],,,,,서울특별시 양천구 목동동로 233 (목동) 한국방송회관,070-7581-8902,https://broadcast.kobaco.co.kr/main.jsp,,,,,,,,
PF241738,바다 100층짜리 집,2024.07.06,2024.08.15,2,"유소연, 박시연, 이온, 김용호, 한미래, 박명훈, 이은정 등","정용석, 박수경, 조재국 등",1시간,20개월 이상,아트큐브,"VIP석 70,000원, R석 60,000원",http://www.kopis.or.kr/upload/pfmPoster/PF_PF241738_240527_100705.gif,"[('네이버N예약', 'https://booking.naver.com/booking/12/bizes/1165096'), ('위메프', 'https://ticket.wemakeprice.com/product/3000012067'), ('인터파크', 'http://ticket.interpark.com/Ticket/Goods/GoodsInfo.asp?GoodsCode=24007213'), ('쿠팡', 'https://trip.coupang.com/tp/products/30000010712173'), ('클립서비스', 'https://www.clipservice.co.kr/Clipservice/Ticket/ShowDetail?playNum=77946'), ('티몬', 'www.tmon.co.kr/deal/26998475530')]",FC001351,성균관대학교 새천년홀 (성균관대학교 새천년홀),['http://www.kopis.or.kr/upload/pfmIntroImage/PF_PF241738_240527_1007050.jpg'],,,,,서울특별시 종로구 성균관로 25 - 2,02-760-1068,http://hall.skku.edu,,,,,,,,
PF241583,한글용사 아이야: 사라진 한글을 찾아라! [서울 (앵콜) ],2024.08.07,2024.08.25,12,"전정완, 조남규, 안혜란, 진하림, 서지우, 한겨레, 문승환 등","김철현, 윤성민, 정윤지 등",1시간 10분,24개월 이상,DS뮤지컬컴퍼니,"VIP석(1층) 70,000원, R석(발코니층) 60,000원",http://www.kopis.or.kr/upload/pfmPoster/PF_PF241583_240523_094814.gif,"[('네이버N예약', 'https://booking.naver.com/booking/12/bizes/1140803'), ('위메프', 'https://ticket.wemakeprice.com/product/3000012123'), ('인터파크', 'http://ticket.interpark.com/Ticket/Goods/GoodsInfo.asp?GoodsCode=24006337'), ('클립서비스', 'https://www.clipservice.co.kr/Clipservice/Ticket/ShowDetail?playNum=77919'), ('티켓링크', 'http://www.ticketlink.co.kr/product/49916')]",FC000010,유니버설아트센터 (유니버설아트센터),['http://www.kopis.or.kr/upload/pfmIntroImage/PF_PF241583_240523_0948140.jpg'],,,,,서울특별시 광진구 천호대로 664 (능동),070-7124-1740,http://www.uac.co.kr/,,,,,,,,
PF241497,젠틀맨스 가이드: 사랑과 살인편,2024.07.06,2024.10.20,68,"송원근, 김범, 손우현, 정산훈, 정문성, 이규형, 안세하 등","김영욱, 이성훈, 송한샘 등",2시간 30분,만 13세 이상,(주)쇼노트,"VIP석 150,000원, OP석 130,000원, R석 130,000원, S석 90,000원, A석 60,000원",http://www.kopis.or.kr/upload/pfmPoster/PF_PF241497_240522_104224.gif,"[('네이버N예약', 'https://booking.naver.com/booking/12/bizes/1146704'), ('멜론티켓', 'https://ticket.melon.com/performance/index.htm?prodId=209919'), ('쇼노트', 'http://www.shownote.com/Ticket/Performance/Details?performanceId=365'), ('예스24', 'http://ticket.yes24.com/Perf/49795'), ('인터파크', 'http://ticket.interpark.com/Ticket/Goods/GoodsInfo.asp?GoodsCode=24007239'), ('클립서비스', 'https://www.clipservice.co.kr/Clipservice/Ticket/ShowDetail?playNum=77982')]",FC001370,광림아트센터 (BBCH홀),['http://www.kopis.or.kr/upload/pfmIntroImage/PF_PF241497_240522_0352481.jpg'],27.428571428571427,광림아트센터,서울,강남구,서울특별시 강남구 논현로163길 33 (신사동),02-2056-5787,www.klarts.kr,,,,,,,,
PF241486,앤서니 브라운의 우리가족 [서울],2024.07.20,2024.08.25,12, ,"이종은, 김온",1시간,24개월 이상, ,"전석 50,000원",http://www.kopis.or.kr/upload/pfmPoster/PF_PF241486_240522_095227.jpg,"[('네이버N예약', 'https://booking.naver.com/booking/12/bizes/1144447'), ('네이버N예약', 'https://booking.naver.com/booking/12/bizes/1063099'), ('예스24', 'http://ticket.yes24.com/Perf/49750'), ('인터파크', 'https://tickets.interpark.com/goods/24007171'), ('타임티켓', 'https://www.timeticket.co.kr/?number=5722')]",FC001844,대원 팝콘D 스퀘어 (대원 콘텐츠 라이브),"['http://www.kopis.or.kr/upload/pfmIntroImage/PF_PF241486_240522_0952271.jpg', 'http://www.kopis.or.kr/upload/pfmIntroImage/PF_PF241486_240522_0952270.jpg']",,,,,서울특별시 용산구 한강대로23길 55 (한강로3가),02-6373-3366,http://www.popcond.com/,,,,,,,,
PF241421,살리에르,2024.07.11,2024.09.21,39,"박규원, 백인태, 유현석, 백형훈, 김준영, 황민수, 유태양 등","한승원, 김종석, 정민아 등",2시간 30분,만 11세 이상,(주)에이치제이컬쳐(HJ컬쳐),"R석 99,000원, S석 77,000원, A석 55,000원, 시야방해석 66,000원",http://www.kopis.or.kr/upload/pfmPoster/PF_PF241421_240521_094104.gif,"[('네이버N예약', 'https://booking.naver.com/booking/12/bizes/1144616'), ('세종문화회관', 'https://www.sejongpac.or.kr/portal/performance/performance/view.do?performIdx=35252&menuNo=200004'), ('예스24', 'http://ticket.yes24.com/Perf/49727'), ('인터파크', 'http://ticket.interpark.com/Ticket/Goods/GoodsInfo.asp?GoodsCode=24006932'), ('클립서비스', 'https://www.clipservice.co.kr/Clipservice/Ticket/ShowDetail?playNum=77978'), ('페이북', 'https://ticket.paybooc.co.kr:447/Play/PlayDetail?playNum=70891')]",FC000020,세종문화회관 (세종M씨어터),['http://www.kopis.or.kr/upload/pfmIntroImage/PF_PF241421_240521_0941040.jpg'],12.4,,,,서울특별시 종로구 세종대로 175 (세종로),02-399-1000,http://www.sejongpac.or.kr/,,,,,,,,
PF241385,조선셰프 한상궁 [전주],2024.06.07,2024.09.27,45,"방지원, 양성령, 송광일, 김응경, 오정은, 박미나, 조은혜 등", ,1시간 10분,전체 관람가, ,"전석 20,000원",http://www.kopis.or.kr/upload/pfmPoster/PF_PF241385_240520_144504.gif,"[('인터파크', 'http://ticket.interpark.com/Ticket/Goods/GoodsInfo.asp?GoodsCode=24007054')]",FC001517,전주소리문화관 (놀이마당(야외마당)),"['http://www.kopis.or.kr/upload/pfmIntroImage/PF_PF241385_240520_0245043.jpg', 'http://www.kopis.or.kr/upload/pfmIntroImage/PF_PF241385_240520_0245042.jpg', 'http://www.kopis.or.kr/upload/pfmIntroImage/PF_PF241385_240520_0245041.jpg', 'http://www.kopis.or.kr/upload/pfmIntroImage/PF_PF241385_240520_0245040.jpg']",,,,,전라북도 전주시 완산구 한지길 56 (풍남동3가) 한옥생활체험관 옆,063-231-0771, ,,,,,,,,
PF241368,4월은 너의 거짓말,2024.06.28,2024.08.25,12,"이홍기, 윤소호, 김희재, 이봄소리, 정지소, 이재진, 김진욱 등","사카구치 리코, 엄홍현, 김지원 등",2시간 50분,만 7세 이상,(주)EMK뮤지컬컴퍼니,"OP석 150,000원, R석 150,000원, S석 110,000원, A석 70,000원",http://www.kopis.or.kr/upload/pfmPoster/PF_PF241368_240520_135016.jpg,"[('멜론티켓', 'https://ticket.melon.com/performance/index.htm?prodId=209858'), ('예스24', 'http://ticket.yes24.com/Perf/49726'), ('인터파크', 'http://ticket.interpark.com/Ticket/Goods/GoodsInfo.asp?GoodsCode=24006816')]",FC000001,예술의전당 [서울] (CJ 토월극장),['http://www.kopis.or.kr/upload/pfmIntroImage/PF_PF241368_240701_0955321.jpg'],38.0,,,,서울특별시 서초구 남부순환로 2406 (서초동),02-580-1300,http://www.sac.or.kr,,,,,,,,
PF241347,"매직 판타지아, 도로시 리턴즈",2024.07.20,2024.08.25,12, ,"한승원, 황미주, 이진선 등",1시간 10분,24개월 이상,"(주)호텔롯데 롯데월드, EBS미디어(주), 에이치제이키즈(주)","전석 66,000원",http://www.kopis.or.kr/upload/pfmPoster/PF_PF241347_240520_122339.gif,"[('네이버N예약', 'https://booking.naver.com/booking/12/bizes/1143474'), ('예스24', 'http://ticket.yes24.com/Perf/49741'), ('위메프', 'https://ticket.wemakeprice.com/product/3000012091'), ('인터파크', 'http://ticket.interpark.com/Ticket/Goods/GoodsInfo.asp?GoodsCode=24007000'), ('클립서비스', 'https://www.clipservice.co.kr/Clipservice/Ticket/ShowDetail?playNum=77931'), ('티몬', 'https://www.tmon.co.kr/deal/27063578030'), ('페이북', 'https://ticket.paybooc.co.kr:447/Play/PlayDetail?playNum=70898')]",FC000052,KT&G 상상마당 대치아트홀 (KT&G 상상마당 대치아트홀),['http://www.kopis.or.kr/upload/pfmIntroImage/PF_PF241347_240520_1223390.jpg'],,KT&G 상상마당 대치아트홀,서울,강남구,서울특별시 강남구 영동대로 416 (대치동),02-3404-4311,https://www.sangsangmadang.com/info/DC,,,,,,,,
PF241301,하데스타운 [서울],2024.07.12,2024.10.06,54,"조형균, 박강현, 김민석, 최정원, 최재림, 강홍석, 김선영 등","박소영, 한정림, 홍유선 등",2시간 35분,만 7세 이상,에스앤코(S&CO),"VIP석 170,000원, R석 140,000원, S석 110,000원, A석 80,000원",http://www.kopis.or.kr/upload/pfmPoster/PF_PF241301_240517_145643.gif,"[('네이버N예약', 'https://booking.naver.com/booking/12/bizes/1196774'), ('예스24', 'http://ticket.yes24.com/Perf/49701'), ('위메프', 'https://ticket.wemakeprice.com/product/3000012185'), ('인터파크', 'http://ticket.interpark.com/Ticket/Goods/GoodsInfo.asp?GoodsCode=24006851'), ('클립서비스', 'https://www.clipservice.co.kr/Clipservice/Ticket/ShowDetail?playNum=77897'), ('페이북', 'https://paybooc.co.kr/app/paybooc/Culture.do?mFocus=Culture&returnURL=https://ticket.paybooc.co.kr:447/Play/PlayDetail?playNum=70886')]",FC000012,샤롯데씨어터 (샤롯데씨어터),['http://www.kopis.or.kr/upload/pfmIntroImage/PF_PF241301_240517_0256430.jpg'],5.285714285714286,,,,서울특별시 송파구 올림픽로 240 (잠실동),00-1644-0078,http://www.charlottetheater.co.kr/,,,,,,,,
PF241277,카르밀라,2024.06.11,2024.09.08,26,"유주혜, 전민지, 이서영, 이재림, 송영미, 민도희, 김서연 등","박재현, 이강욱, 황예슬 등",1시간 40분,만 13세 이상,"네버엔딩플레이(N.E.P Contents), 라이브러리컴퍼니","R석 70,000원, S석 60,000원, A석 40,000원",http://www.kopis.or.kr/upload/pfmPoster/PF_PF241277_240517_125516.gif,"[('위메프', 'https://ticket.wemakeprice.com/product/3000012065'), ('인터파크', 'http://ticket.interpark.com/Ticket/Goods/GoodsInfo.asp?GoodsCode=24006970'), ('코스타(Coaster)', 'https://ticket.co-star.kr/shop/item.php?it_id=1717579884')]",FC001528,링크아트센터드림 (드림 1관),"['http://www.kopis.or.kr/upload/pfmIntroImage/PF_PF241277_240517_1255161.jpg', 'http://www.kopis.or.kr/upload/pfmIntroImage/PF_PF241277_240517_1255160.jpg']",46.25,,,,서울특별시 종로구 동숭길 123 (동숭동),02-3481-8843,http://blog.naver.com/dreamartcenter,,,,,,,,
PF241120,"베베핀, 우당탕탕 패밀리 [과천]",2024.07.13,2024.08.25,12, ,"정을석, 양길모, 안진성 등",1시간 05분,12개월 이상,(주)애드칸,"전석 66,000원",http://www.kopis.or.kr/upload/pfmPoster/PF_PF241120_240516_110408.gif,"[('네이버N예약', 'https://booking.naver.com/booking/12/bizes/1132973'), ('위메프', 'https://ticket.wemakeprice.com/product/3000012083'), ('인터파크', 'http://ticket.interpark.com/Ticket/Goods/GoodsInfo.asp?GoodsCode=24006568'), ('클립서비스', 'https://www.clipservice.co.kr/Clipservice/Ticket/ShowDetail?playNum=77898')]",FC000240,국립과천과학관 (어울림홀),['http://www.kopis.or.kr/upload/pfmIntroImage/PF_PF241120_240516_1104080.jpg'],,,,,경기도 과천시 상하벌로 110 (과천동),02-3677-1500,http://www.sciencecenter.go.kr/gnsm_web/main/,,,,,,,,
PF240973,어쩌면 해피엔딩 [대학로],2024.06.18,2024.09.08,26,"정욱진, 홍지희, 윤은오, 박진주, 신재범, 장민제, 이시안 등","김동연, 주소연, 송희진 등",1시간 50분,만 13세 이상,(주)CJ ENM,"R석 77,000원, S석 55,000원",http://www.kopis.or.kr/upload/pfmPoster/PF_PF240973_240513_151357.gif,"[('네이버N예약', 'https://booking.naver.com/booking/12/bizes/1174706'), ('예스24', 'http://ticket.yes24.com/Perf/49543'), ('위메프', 'https://ticket.wemakeprice.com/product/3000012040'), ('인터파크', 'http://ticket.interpark.com/Ticket/Goods/GoodsInfo.asp?GoodsCode=24006741')]",FC001236,예스24 스테이지(구. DCF대명문화공장) (1관),['http://www.kopis.or.kr/upload/pfmIntroImage/PF_PF240973_240513_0313570.jpg'],10.571428571428571,,,,서울특별시 종로구 대학로12길 21 (동숭동),02-742-9637,https://yes24stage.com/,,,,,,,,
PF240797,빨래 [대학로],2024.06.07,2024.12.29,138,"서은지, 김도원, 노희찬, 강기헌, 류석호, 최정화, 조영임 등","최세연, 추민주, 민찬홍 등",2시간 45분,만 13세 이상,(주)씨에이치수박,"R석 77,000원, S석 55,000원, 시야제한석 20,000원",http://www.kopis.or.kr/upload/pfmPoster/PF_PF240797_240510_101623.gif,"[('네이버N예약', 'https://booking.naver.com/booking/12/bizes/127914'), ('인터파크', 'http://ticket.interpark.com/Ticket/Goods/GoodsInfo.asp?GoodsCode=24006709')]",FC001233,유니플렉스 (2관(중극장)),['http://www.kopis.or.kr/upload/pfmIntroImage/PF_PF240797_240510_1016230.jpg'],36.142857142857146,,,,서울특별시 종로구 대학로12길 64 (동숭동),02-766-2115,http://www.uniplex.co.kr/,,,,,,,,
PF240789,이블데드,2024.06.20,2024.09.01,19,"장지후, 기세중, 배나라, 안상은, 서동진, 조권, 송나영 등","신동은, 오루피나, 원미솔 등",2시간 20분,만 16세 이상,(주)랑,"블러드밤석 88,000원, 빨강석 88,000원, 주황석 80,000원, 노랑석 77,000원, 초록석 66,000원, 파랑석 55,000원, 남석 33,000원, 보라석 22,000원",http://www.kopis.or.kr/upload/pfmPoster/PF_PF240789_240510_095856.gif,"[('네이버N예약', 'https://booking.naver.com/booking/12/bizes/1135277'), ('예스24', 'http://ticket.yes24.com/Perf/49544'), ('위메프', 'https://ticket.wemakeprice.com/product/3000012061'), ('인터파크', 'http://ticket.interpark.com/Ticket/Goods/GoodsInfo.asp?GoodsCode=24006677'), ('클립서비스', 'https://www.clipservice.co.kr/Clipservice/Ticket/ShowDetail?playNum=77947')]",FC001233,유니플렉스 (1관(대극장)),['http://www.kopis.or.kr/upload/pfmIntroImage/PF_PF240789_240510_0958560.jpg'],40.42857142857143,,,,서울특별시 종로구 대학로12길 64 (동숭동),02-766-2115,http://www.uniplex.co.kr/,,,,,,,,
PF240716,메노포즈,2024.06.13,2024.08.25,12,"조혜련, 김현숙, 신봉선, 문희경, 서지오, 이아현, 류수화 등","이윤표, 이나영, 박은영 등",1시간 50분,만 15세 이상,(주)엠피앤컴퍼니,"VIP석 120,000원, R석 100,000원, S석 80,000원, A석 60,000원",http://www.kopis.or.kr/upload/pfmPoster/PF_PF240716_240509_100403.gif,"[('네이버N예약', 'https://booking.naver.com/booking/12/bizes/1135263'), ('예스24', 'http://ticket.yes24.com/Perf/49640'), ('위메프', 'https://ticket.wemakeprice.com/product/3000011977'), ('인터파크', 'http://ticket.interpark.com/Ticket/Goods/GoodsInfo.asp?GoodsCode=24006465'), ('클립서비스', 'https://www.clipservice.co.kr/Clipservice/Ticket/ShowDetail?playNum=77927'), ('티몬', 'https://www.tmon.co.kr/deal/26846081210')]",FC000113,한전아트센터 (한전아트센터),['http://www.kopis.or.kr/upload/pfmIntroImage/PF_PF240716_240509_1004030.jpg'],,,,,서울특별시 서초구 효령로72길 60 (서초동),02-2105-8133,http://cyber.kepco.co.kr/kepco/AR/main.do?menuCd=FN10,,,,,,,,
PF240693,프리즌 [대전 평송],2024.07.16,2024.11.28,107, , ,1시간 20분,만 7세 이상, ,"R석 20,000원",http://www.kopis.or.kr/upload/pfmPoster/PF_PF240693_240508_154159.jpg,"[('대전문화재단', 'https://아트키움.kr/user/performance/detail?performanceSN=820')]",FC000323,대전평송청소년문화센터 (평송홀(대극장)),"['http://www.kopis.or.kr/upload/pfmIntroImage/PF_PF240693_240508_0341593.png', 'http://www.kopis.or.kr/upload/pfmIntroImage/PF_PF240693_240508_0341592.png', 'http://www.kopis.or.kr/upload/pfmIntroImage/PF_PF240693_240508_0341591.png', 'http://www.kopis.or.kr/upload/pfmIntroImage/PF_PF240693_240508_0341590.png']",,,,,대전광역시 서구 둔산대로 201 (만년동),042-480-1622,http://www.pyoungsong.com/,,,,,,,,
PF240597,클럽 드바이,2024.06.11,2024.09.01,19,"변희상, 황민수, 유태율, 이종석, 박좌헌, 신주협, 이지연 등","이재준, 윤지율, 박정아 등",1시간 30분,만 13세 이상,(주)스튜디오 단단,"R석 66,000원, S석 44,000원",http://www.kopis.or.kr/upload/pfmPoster/PF_PF240597_240507_152605.gif,"[('예스24', 'http://ticket.yes24.com/Perf/49632'), ('위메프', 'https://ticket.wemakeprice.com/product/3000012045'), ('인터파크', 'http://ticket.interpark.com/Ticket/Goods/GoodsInfo.asp?GoodsCode=24006515')]",FC001236,예스24 스테이지(구. DCF대명문화공장) (2관),['http://www.kopis.or.kr/upload/pfmIntroImage/PF_PF240597_240514_0356441.jpg'],34.0,,,,서울특별시 종로구 대학로12길 21 (동숭동),02-742-9637,https://yes24stage.com/,,,,,,,,
PF240567,새벽의 입구에서,2024.06.06,2024.09.01,19,"김도빈, 이형훈, 선한국, 조풍래, 최호승, 손유동, 박영수 등","요시다 에리, 강하님, 김지호 등",1시간 40분,만 13세 이상,골든에이지컴퍼니,"R석 66,000원, S석 55,000원",http://www.kopis.or.kr/upload/pfmPoster/PF_PF240567_240507_140637.jpg,"[('네이버N예약', 'https://booking.naver.com/booking/12/bizes/1135236'), ('위메프', 'https://ticket.wemakeprice.com/product/3000012053'), ('타임티켓', 'https://www.timeticket.co.kr/?number=5791'), ('티켓링크', 'http://www.ticketlink.co.kr/product/49932')]",FC001877,서경대학교 공연예술센터 (스콘2관),['http://www.kopis.or.kr/upload/pfmIntroImage/PF_PF240567_240507_0205310.jpg'],,,,,서울특별시 종로구 동숭길 148 (혜화동),02-940-7114,https://www.skuniv.ac.kr/main,,,,,,,,
PF240388,에밀 [대학로],2024.06.11,2024.09.01,19,"박영수, 박유덕, 정동화, 구준모, 김인성, 정지우","홍윤경, 김소라, 이대웅 등",1시간 40분,만 13세 이상,"라이브러리컴퍼니, 프로스랩","전석 66,000원",http://www.kopis.or.kr/upload/pfmPoster/PF_PF240388_240503_093714.jpg,"[('네이버N예약', 'https://booking.naver.com/booking/12/bizes/1134300'), ('예스24', 'http://ticket.yes24.com/Perf/50559'), ('위메프', 'https://ticket.wemakeprice.com/product/3000012071'), ('인터파크', 'http://ticket.interpark.com/Ticket/Goods/GoodsInfo.asp?GoodsCode=24006256'), ('코스타', 'https://ticket.co-star.kr/shop/item.php?it_id=1717384658')]",FC001236,예스24 스테이지(구. DCF대명문화공장) (3관(구. 수현재씨어터)),['http://www.kopis.or.kr/upload/pfmIntroImage/PF_PF240388_240503_0934310.jpg'],,,,,서울특별시 종로구 대학로12길 21 (동숭동),02-742-9637,https://yes24stage.com/,,,,,,,,
PF240334,오만방자 전라감사 길들이기 [전주],2024.05.24,2024.10.11,59, , ,1시간 20분,전체 관람가, ,"전석 15,000원",http://www.kopis.or.kr/upload/pfmPoster/PF_PF240334_240502_134844.gif,"[('네이버N예약', 'https://booking.naver.com/booking/12/bizes/1127796'), ('인터파크', 'https://tickets.interpark.com/goods/24004923'), ('티켓링크', 'http://www.ticketlink.co.kr/product/49794')]",FC001263,전주한벽문화관 (야외공연장),['http://www.kopis.or.kr/upload/pfmIntroImage/PF_PF240334_240502_0148440.jpg'],,,,,전라북도 전주시 완산구 전주천동로 20 - 0 전통문화센터,063-280-7000,http://www.jt.or.kr/,,,,,,,,
PF240236,오만방자 전라감사 길들이기 [전주],2024.05.25,2024.10.12,60, , ,1시간 20분,전체 관람가, ,"전석 15,000원",http://www.kopis.or.kr/upload/pfmPoster/PF_PF240236_240430_111721.png,"[('네이버N예약', 'https://booking.naver.com/booking/12/bizes/1127817'), ('인터파크', 'http://ticket.interpark.com/Ticket/Goods/GoodsInfo.asp?GoodsCode=24006173'), ('티켓링크', 'http://www.ticketlink.co.kr/product/49796')]",FC001263,전주한벽문화관 (야외공연장),['http://www.kopis.or.kr/upload/pfmIntroImage/PF_PF240236_240430_1117210.jpg'],,,,,전라북도 전주시 완산구 전주천동로 20 - 0 전통문화센터,063-280-7000,http://www.jt.or.kr/,,,,,,,,
PF240203,"두들팝 VER.3, 하이팝",2024.07.13,2024.09.01,19,"박선주, 조성덕, 강지선, 오혜리, 김민형, 김인기","이길준, 염용균, 박소희 등",1시간,24개월 이상, ,"VIP석 60,000원, R석 40,000원",http://www.kopis.or.kr/upload/pfmPoster/PF_PF240203_240430_093401.gif,"[('네이버N예약', 'https://booking.naver.com/booking/12/bizes/1139527'), ('인터파크', 'http://ticket.interpark.com/Ticket/Goods/GoodsInfo.asp?GoodsCode=24006193'), ('클립서비스', 'https://www.clipservice.co.kr/Clipservice/Ticket/ShowDetail?playNum=77902'), ('티몬', 'www.tmon.co.kr/deal/26763486690'), ('페이북', 'https://paybooc.co.kr/app/paybooc/Culture.do?mFocus=Culture&returnURL=https://ticket.paybooc.co.kr:447/Play/PlayDetail?playNum=70890')]",FC000847,신한카드 SOL페이 스퀘어(구.신한pLay 스퀘어) (라이브홀),['http://www.kopis.or.kr/upload/pfmIntroImage/PF_PF240203_240711_1142391.jpg'],,,,,"서울특별시 마포구 양화로 45 (서교동, 메세나폴리스)",00-1544-1555,http://www.solpay-square.com/,,,,,,,,
PF240069,수박수영장 [서울],2024.07.06,2024.08.25,12,"손경원, 조정환, 양규아, 성나윤, 최서희, 김시현, 김승환 등","진영섭, 박명우, 조길나 등",1시간 15분,24개월 이상, ,"VIP석 77,000원, R석 66,000원, S석 44,000원",http://www.kopis.or.kr/upload/pfmPoster/PF_PF240069_240426_154440.gif,"[('네이버N예약', 'https://booking.naver.com/booking/12/bizes/1147256'), ('예스24', 'http://ticket.yes24.com/Perf/50135'), ('위메프', 'https://ticket.wemakeprice.com/product/3000012109'), ('인터파크', 'http://ticket.interpark.com/Ticket/Goods/GoodsInfo.asp?GoodsCode=24005702'), ('티몬', 'www.tmon.co.kr/deal/27103420602'), ('티켓링크', 'http://www.ticketlink.co.kr/product/50153')]",FC000008,국립중앙박물관 극장 용 (국립중앙박물관 극장 용),"['http://www.kopis.or.kr/upload/pfmIntroImage/PF_PF240069_240701_0152262.jpg', 'http://www.kopis.or.kr/upload/pfmIntroImage/PF_PF240069_240701_0152261.jpg']",,,,,서울특별시 용산구 서빙고로 137 (용산동6가),00-1544-5955,http://www.theateryong.or.kr,,,,,,,,
PF240002,프랑켄슈타인,2024.06.05,2024.08.25,12,"유준상, 신성록, 전동석, 박은태, 이해준, 고은성, 이지혜 등","엄홍현, 김지원, 왕용범 등",2시간 55분,만 13세 이상,(주)EMK뮤지컬컴퍼니,"VIP석 170,000원, R석 140,000원, S석 110,000원, A석 80,000원",http://www.kopis.or.kr/upload/pfmPoster/PF_PF240002_240426_094626.gif,"[('멜론티켓', 'https://ticket.melon.com/performance/index.htm?prodId=209765'), ('인터파크', 'http://ticket.interpark.com/Ticket/Goods/GoodsInfo.asp?GoodsCode=24009024')]",FC000031,블루스퀘어 (신한카드홀(구. 인터파크홀)),['http://www.kopis.or.kr/upload/pfmIntroImage/PF_PF240002_240426_0946270.jpg'],32.142857142857146,,,,서울특별시 용산구 이태원로 294 (한남동),00-1544-1591,http://www.bluesquare.kr/,,,,,,,,
PF239896,미오 프라텔로 [대학로],2024.05.21,2024.10.27,75,"박규원, 이진혁, 박상혁, 성연, 김찬종, 박준형, 김이담 등","노재환, 박정인, 송은도 등",1시간 40분,만 13세 이상,(주)콘텐츠플래닝,"R석 77,000원, S석 55,000원",http://www.kopis.or.kr/upload/pfmPoster/PF_PF239896_240807_142442.jpg,"[('네이버N예약', 'https://booking.naver.com/booking/12/bizes/1151567'), ('예스24', 'http://ticket.yes24.com/Perf/49881'), ('위메프', 'https://ticket.wemakeprice.com/product/3000011915'), ('인터파크', 'http://ticket.interpark.com/Ticket/Goods/GoodsInfo.asp?GoodsCode=24005912'), ('클립서비스', 'https://www.clipservice.co.kr/Clipservice/Ticket/ShowDetail?playNum=77887'), ('페이북', 'https://paybooc.co.kr/app/paybooc/Culture.do?mFocus=Culture&returnURL=https://ticket.paybooc.co.kr:447/Play/PlayDetail?playNum=70884')]",FC003244,링크아트센터 (벅스홀),['http://www.kopis.or.kr/upload/pfmIntroImage/PF_PF239896_240801_0119521.jpg'],31.0,,,,서울특별시 종로구 대학로14길 29(혜화동), , ,,,,,,,,
PF239751,진짜나쁜소녀,2024.05.08,2024.08.31,18,"이소연, 민정아, 김슬비, 서지우, 임다희, 신현수, 정휘욱 등","정구진, 강지원, 정수연 등",1시간 40분,만 15세 이상,㈜나인진엔터테인먼트,"전석 60,000원",http://www.kopis.or.kr/upload/pfmPoster/PF_PF239751_240423_101356.gif,"[('네이버N예약', 'https://booking.naver.com/booking/12/bizes/861751'), ('네이버N예약', 'https://booking.naver.com/booking/12/bizes/889241'), ('예스24', 'http://ticket.yes24.com/Perf/50066'), ('위메프', 'https://ticket.wemakeprice.com/product/3000012124'), ('인터파크', 'http://ticket.interpark.com/Ticket/Goods/GoodsInfo.asp?GoodsCode=24005755'), ('쿠팡', 'https://trip.coupang.com/tp/products/30000010328570'), ('클립서비스', 'https://www.clipservice.co.kr/Clipservice/Ticket/ShowDetail?playNum=77151'), ('타임티켓', 'https://www.timeticket.co.kr/?number=5614'), ('티몬', 'www.tmon.co.kr/deal/26460866398'), ('티켓링크', 'https://www.ticketlink.co.kr/product/50677')]",FC000139,JTN 아트홀(구. 대학로예술마당) (1관),['http://www.kopis.or.kr/upload/pfmIntroImage/PF_PF239751_240711_0130581.jpg'],,JTN 아트홀(구. 대학로예술마당),서울,종로구,서울특별시 종로구 이화장길 26 (이화동),02-779-1595,http://www.jtnarthall.com/,,,,,,,,
PF239742,"두들팝 Ver.2, 폴리팝 [분당]",2024.07.10,2024.08.24,11, , ,1시간,24개월 이상, ,"전석 60,000원",http://www.kopis.or.kr/upload/pfmPoster/PF_PF239742_240423_094617.gif,"[('네이버N예약', 'https://booking.naver.com/booking/12/bizes/1123140'), ('인터파크', 'http://ticket.interpark.com/Ticket/Goods/GoodsInfo.asp?GoodsCode=24005792'), ('클립서비스', 'https://www.clipservice.co.kr/Clipservice/Ticket/ShowDetail?playNum=77866')]",FC000155,잡월드 나래울극장 (잡월드 나래울극장),['http://www.kopis.or.kr/upload/pfmIntroImage/PF_PF239742_240423_0946170.jpg'],,,,,경기도 성남시 분당구 분당수서로 501(정자동 4-6),00-1644-1333,http://koreajobworld.or.kr/Index.do,,,,,,,,
PF239674,연남동 빙굴빙굴 빨래방,2024.06.01,2024.09.29,47,"김남호, 김늘메, 김준희, 김민주, 임재혁, 정지환, 이서정 등","황기현, 김기석, 김은지 등",1시간 40분,만 7세 이상,"극단 지우, 이엘엔터테인먼트(E.L Ent.)","전석 66,000원",http://www.kopis.or.kr/upload/pfmPoster/PF_PF239674_240422_135655.gif,"[('네이버N예약', 'https://booking.naver.com/booking/12/bizes/1127713'), ('위메프', 'https://ticket.wemakeprice.com/product/3000011870'), ('인터파크', 'http://ticket.interpark.com/Ticket/Goods/GoodsInfo.asp?GoodsCode=24005493'), ('클립서비스', 'https://www.clipservice.co.kr/Clipservice/Ticket/ShowDetail?playNum=77920'), ('타임티켓', 'https://www.timeticket.co.kr/?number=5651'), ('티몬', 'www.tmon.co.kr/deal/26561478450')]",FC002782,후암씨어터(콘텐츠룸) (후암씨어터(콘텐츠룸)),['http://www.kopis.or.kr/upload/pfmIntroImage/PF_PF239674_240513_0232171.jpg'],,,,,서울특별시 종로구 대학로11길 23 (명륜4가), , ,,,,,,,,
PF239641,엄마를 찾아라 [김포],2024.05.03,2024.09.11,29,"안성희, 이다빈, 서현, 배승규, 김도하, 송열우","김미미, 차차, 김범 등",40분,36개월 이상,드리미컴퍼니,"전석 40,000원",http://www.kopis.or.kr/upload/pfmPoster/PF_PF239641_240422_122711.gif,"[('네이버N예약', 'https://booking.naver.com/booking/12/bizes/1143609'), ('인터파크', 'http://ticket.interpark.com/Ticket/Goods/GoodsInfo.asp?GoodsCode=24005787')]",FC003921,소다아트홀 (소다아트홀),['http://www.kopis.or.kr/upload/pfmIntroImage/PF_PF239641_240422_1227110.jpg'],,,,,"경기도 김포시 김포한강9로75번길 180 (구래동, 두원타워)", , ,,,,,,,,
PF239344,미스터 래빗 [서울],2024.05.04,2024.08.18,5, , ,1시간,전체 관람가, ,"전석 30,000원",http://www.kopis.or.kr/upload/pfmPoster/PF_PF239344_240417_095135.png,"[('네이버N예약', 'https://booking.naver.com/booking/12/bizes/1120467')]",FC003502,롯데월드 (민속박물관),['http://www.kopis.or.kr/upload/pfmIntroImage/PF_PF239344_240417_0951350.png'],,,,,서울특별시 송파구 올림픽로 240 (잠실동), , ,,,,,,,,
PF239123,시카고 [서울],2024.06.07,2024.09.29,47,"최정원, 윤공주, 정선아, 아이비, 티파니 영, 민경아, 박건형 등", ,2시간 25분,만 13세 이상, ,"VIP석 160,000원, OP석 150,000원, R석 140,000원, S석 110,000원, A석 80,000원",http://www.kopis.or.kr/upload/pfmPoster/PF_PF239123_240412_145134.jpg,"[('네이버N예약', 'https://booking.naver.com/booking/12/bizes/1123234'), ('위메프', 'https://ticket.wemakeprice.com/product/3000011918'), ('인터파크', 'http://ticket.interpark.com/Ticket/Goods/GoodsInfo.asp?GoodsCode=24005266'), ('신시컴퍼니', 'http://www.iseensee.com/Home/Perf/MakingDetail.aspx?IdPerf=1190')]",FC000011,디큐브링크아트센터 (디큐브씨어터),['http://www.kopis.or.kr/upload/pfmIntroImage/PF_PF239123_240415_0814031.jpg'],21.428571428571427,,,,"서울특별시 구로구 경인로 662 (신도림동, 디큐브시티)",02-2211-3000,http://www.d3art.co.kr,,,,,,,,
PF239087,정글북 [서울 송파],2024.07.16,2024.08.25,12,"김민규, 김세진, 김유상, 인선호, 장경원, 이정민, 류정훈 등","송승환, 정태영, 정도영 등",1시간 20분,전체 관람가, ,"VIP석 70,000원, R석 60,000원, S석 50,000원",http://www.kopis.or.kr/upload/pfmPoster/PF_PF239087_240412_132021.jpg,"[('네이버N예약', 'https://booking.naver.com/booking/12/bizes/1112097'), ('예스24', 'http://ticket.yes24.com/Perf/49381'), ('위메프', 'https://ticket.wemakeprice.com/product/3000011771'), ('인터파크', 'http://ticket.interpark.com/Ticket/Goods/GoodsInfo.asp?GoodsCode=24005157'), ('타임티켓', 'https://www.timeticket.co.kr/?number=5767')]",FC001247,올림픽공원 (우리금융아트홀(역도경기장)),['http://www.kopis.or.kr/upload/pfmIntroImage/PF_PF239087_240808_1102461.jpg'],,,,,서울특별시 송파구 올림픽로 424 올림픽공원 (방이동),02-410-1114,http://www.olympicpark.co.kr/,,,,,,,,
PF238514,베어 더 뮤지컬,2024.05.22,2024.08.25,12,"박정원, 임재윤, 윤석호, 홍기범, 한서원, 최재웅, 김재한 등","박진희, 이재준, 김윤영 등",2시간 45분,만 15세 이상,(주)쇼플레이,"R석 88,000원, S석 66,000원",http://www.kopis.or.kr/upload/pfmPoster/PF_PF238514_240402_114030.gif,"[('예스24', 'http://ticket.yes24.com/Perf/49272'), ('위메프', 'https://ticket.wemakeprice.com/product/3000012158'), ('인터파크', 'http://ticket.interpark.com/Ticket/Goods/GoodsInfo.asp?GoodsCode=24004835')]",FC000402,두산아트센터 (연강홀),"['http://www.kopis.or.kr/upload/pfmIntroImage/PF_PF238514_240402_1140301.jpg', 'http://www.kopis.or.kr/upload/pfmIntroImage/PF_PF238514_240402_1140300.jpg']",47.333333333333336,,,,서울특별시 종로구 종로33길 15 (연지동),02-708-5001,http://www.doosanartcenter.com/,,,,,,,,
PF237983,옹알스 [대학로],2024.05.01,2024.08.31,18,"조수원, 조준우, 채경선, 최기섭, 하박, 이경섭, 최진영", ,1시간 10분,만 5세 이상, ,"전석 50,000원",http://www.kopis.or.kr/upload/pfmPoster/PF_PF237983_240325_123904.gif,"[('네이버N예약', 'https://booking.naver.com/booking/12/bizes/874409'), ('인터파크', 'http://ticket.interpark.com/Ticket/Goods/GoodsInfo.asp?GoodsCode=24004338'), ('코스타', 'https://ticket.co-star.kr/shop/item.php?it_id=1713839281')]",FC000794,세우아트센터 (1관),['http://www.kopis.or.kr/upload/pfmIntroImage/PF_PF237983_240614_1032101.jpg'],,,,,서울특별시 종로구 대학로12길 49 (동숭동),070-7542-5089, ,,,,,,,,
PF237698,스파이 엑스 [인천],2024.04.29,2024.09.29,47, , ,1시간,24개월 이상, ,"전석 25,000원",http://www.kopis.or.kr/upload/pfmPoster/PF_PF237698_240319_124908.jpg,"[('네이버N예약', 'https://booking.naver.com/booking/5/bizes/1073067')]",FC003416,루시드아트홀 (루시드아트홀),['http://www.kopis.or.kr/upload/pfmIntroImage/PF_PF237698_240319_1249080.jpg'],,,,,인천광역시 남동구 서창남로 69 (서창동),032-710-4907,https://lucidart.modoo.at/?link=adxcz215,,,,,,,,
PF237601,이벤져스 라이브 [서울],2024.07.20,2024.08.18,5, , ,1시간 05분,24개월 이상, ,"VIP석 70,000원, R석 50,000원",http://www.kopis.or.kr/upload/pfmPoster/PF_PF237601_240318_160944.gif,"[('네이버N예약', 'https://booking.naver.com/booking/12/bizes/1142502'), ('예스24', 'http://ticket.yes24.com/Perf/50063'), ('위메프', 'https://ticket.wemakeprice.com/product/3000012072'), ('인터파크', 'http://ticket.interpark.com/Ticket/Goods/GoodsInfo.asp?GoodsCode=24002353'), ('타임티켓', 'https://www.timeticket.co.kr/?number=5725'), ('티몬', 'www.tmon.co.kr/deal/26844202206'), ('티켓링크', 'http://www.ticketlink.co.kr/product/50130')]",FC000168,예림당아트홀 (예림당아트홀),['http://www.kopis.or.kr/upload/pfmIntroImage/PF_PF237601_240318_0409440.jpg'],,,,,서울특별시 강남구 언주로 337 (역삼동),02-738-8289,http://www.amculture.co.kr/default/index.php,,,,,,,,
PF237488,책 속에 갇힌 고양이,2024.03.30,2024.08.31,18,"임미영, 정유정, 전주희, 조선영, 인자혜, 박진영","서은영, 유주애, 김은지 등",50분,24개월 이상, ,"전석 40,000원",http://www.kopis.or.kr/upload/pfmPoster/PF_PF237488_240315_140610.jpg,"[('네이버N예약', 'https://booking.naver.com/booking/12/bizes/1098371'), ('예스24', 'http://ticket.yes24.com/Perf/49131'), ('인터파크', 'http://ticket.interpark.com/Ticket/Goods/GoodsInfo.asp?GoodsCode=24003804'), ('클립서비스', 'https://www.clipservice.co.kr/Clipservice/Ticket/ShowDetail?playNum=77768')]",FC003682,명륜아트홀 (명륜아트홀),"['http://www.kopis.or.kr/upload/pfmIntroImage/PF_PF237488_240315_0206101.jpg', 'http://www.kopis.or.kr/upload/pfmIntroImage/PF_PF237488_240315_0206100.jpg']",,,,,서울특별시 종로구 성균관로 48-2 (명륜1가), , ,,,,,,,,
PF237479,페인터즈 [경향아트힐],2024.03.25,2024.08.31,18, , ,1시간 15분,전체 관람가, ,"VIP석 70,000원, R석 50,000원",http://www.kopis.or.kr/upload/pfmPoster/PF_PF237479_240315_133619.jpg,"[('네이버N예약', 'https://booking.naver.com/booking/12/bizes/788443'), ('예스24', 'http://ticket.yes24.com/Perf/49034'), ('인터파크', 'http://ticket.interpark.com/Ticket/Goods/GoodsInfo.asp?GoodsCode=22014959'), ('클립서비스', 'https://www.clipservice.co.kr/Clipservice/Ticket/ShowDetail?playNum=77806'), ('타임티켓', 'https://www.timeticket.co.kr/?number=5636'), ('티몬', 'www.tmon.co.kr/deal/26542896186'), ('티켓링크', 'http://www.ticketlink.co.kr/product/48982')]",FC000198,경향아트힐 (1관),['http://www.kopis.or.kr/upload/pfmIntroImage/PF_PF237479_240621_1030291.jpg'],,경향아트힐,서울,중구,서울특별시 중구 정동길 3 (정동),02-722-4400, ,,,,,,,,
PF236863,달 샤베트 [서울숲],2024.04.13,2024.09.08,26, ,"김영인, 홍승희, 한보람 등",1시간,24개월 이상,할리퀸크리에이션즈(주),"전석 66,000원",http://www.kopis.or.kr/upload/pfmPoster/PF_PF236863_240307_112809.gif,"[('네이버N예약', 'https://booking.naver.com/booking/12/bizes/1115297'), ('위메프', 'https://ticket.wemakeprice.com/product/3000011793'), ('인터파크', 'http://ticket.interpark.com/Ticket/Goods/GoodsInfo.asp?GoodsCode=24003081'), ('클립서비스', 'https://www.clipservice.co.kr/Clipservice/Ticket/ShowDetail?playNum=77916'), ('타임티켓', 'https://www.timeticket.co.kr/?number=5662'), ('티몬', 'www.tmon.co.kr/deal/27041761738')]",FC002012,더 서울라이티움 (갤러리아포레) (G층 전용관),['http://www.kopis.or.kr/upload/pfmIntroImage/PF_PF236863_240307_1128090.jpg'],,,,,서울특별시 성동구 서울숲2길 32-14 (성수동1가),02-516-2513,http://www.seouliteum.com/,,,,,,,,
PF236674,썸데이 [대학로],2024.03.16,2024.08.31,18,"김서별, 김여진, 표혜미, 이하은, 윤환호, 윤진웅, 정지환 등","장혁우, 김재덕, 변주은 등",1시간 40분,만 7세 이상,극단 무하,"전석 55,000원",http://www.kopis.or.kr/upload/pfmPoster/PF_PF236674_240305_110135.jpg,"[('네이버N예약', 'https://booking.naver.com/booking/12/bizes/963985'), ('인터파크', 'http://ticket.interpark.com/Ticket/Goods/GoodsInfo.asp?GoodsCode=24003273'), ('인터파크', 'http://ticket.interpark.com/Ticket/Goods/GoodsInfo.asp?GoodsCode=24007874'), ('타임티켓', 'https://www.timeticket.co.kr/?number=5229'), ('티몬', 'www.tmon.co.kr/deal/25871947066')]",FC003868,대학로 무하아트센터 (대학로 무하아트센터),['http://www.kopis.or.kr/upload/pfmIntroImage/PF_PF236674_240625_1142471.jpg'],,,,,서울특별시 종로구 이화장길 72 (동숭동), , ,,,,,,,,
PF236545,뱀프 X 헌터: 울부짖어라! 피닉스 포포!!,2024.04.12,2024.08.31,18,"표혜미, 한슬, 이선주, 차윤오, 송정훈, 서형준, 김석환 등","노재환, 박정인, 김지은 등",1시간 30분,만 11세 이상, ,"전석 50,000원",http://www.kopis.or.kr/upload/pfmPoster/PF_PF236545_240304_141647.gif,"[('네이버N예약', 'https://booking.naver.com/booking/12/bizes/433282'), ('대학로티켓닷컴', 'http://www.maketicket.co.kr/ticket/GD25627'), ('위메프', 'https://ticket.wemakeprice.com/product/3000011732'), ('인터파크', 'http://ticket.interpark.com/Ticket/Goods/GoodsInfo.asp?GoodsCode=24002867'), ('클립서비스', 'https://www.clipservice.co.kr/Clipservice/Ticket/ShowDetail?playNum=77807'), ('타임티켓', 'https://www.timeticket.co.kr/?number=5503'), ('티몬', 'www.tmon.co.kr/deal/26065668390'), ('페이북', 'https://ticket.paybooc.co.kr:447/Play/PlayDetail?playNum=70873')]",FC001859,JS아트홀 (구. 고스트씨어터 구.다소니씨어터) (JS아트홀 (구. 고스트씨어터 구.다소니씨어터)),['http://www.kopis.or.kr/upload/pfmIntroImage/PF_PF236545_240520_0158551.jpg'],,JS아트홀 (구. 고스트씨어터 구.다소니씨어터),서울,종로구,서울특별시 종로구 동숭길 94 (동숭동),070-7733-7198, ,,,,,,,,
PF236543,인피니티 플라잉 [경주],2024.03.23,2024.11.30,109,"정의혁, 민경욱, 유의정, 서원우, 김태희, 양민혁, 김하은 등","최철기, 김진홍, 임중석 등",1시간 20분,36개월 이상,(주)페르소나 경주플라잉,"전석 40,000원",http://www.kopis.or.kr/upload/pfmPoster/PF_PF236543_240318_130612.gif,"[('네이버N예약', 'https://booking.naver.com/booking/12/bizes/153378'), ('인터파크', 'http://ticket.interpark.com/Ticket/Goods/GoodsInfo.asp?GoodsCode=24002853'), ('티켓링크', 'http://www.ticketlink.co.kr/product/49426')]",FC001081,경주세계문화엑스포 (문화센터공연장),"['http://www.kopis.or.kr/upload/pfmIntroImage/PF_PF236543_240318_0106124.jpg', 'http://www.kopis.or.kr/upload/pfmIntroImage/PF_PF236543_240318_0106123.jpg', 'http://www.kopis.or.kr/upload/pfmIntroImage/PF_PF236543_240318_0106122.jpg', 'http://www.kopis.or.kr/upload/pfmIntroImage/PF_PF236543_240318_0106121.jpg', 'http://www.kopis.or.kr/upload/pfmIntroImage/PF_PF236543_240318_0106120.jpg']",,경주세계문화엑스포,경북,경주시,경상북도 경주시 경감로 614 (천군동),054-748-3011,http://www.cultureexpo.or.kr/open.content/ko/,,,,,,,,
PF236535,핑크퐁과 아기상어의 무지개 구출 작전,2024.05.01,2024.08.25,12, , ,1시간 40분,24개월 이상, ,"전석(평일 플레이 패키지) 88,000원, 전석(주말 플레이 뮤지컬) 70,000원",http://www.kopis.or.kr/upload/pfmPoster/PF_PF236535_240304_135417.gif,"[('나눔티켓', 'https://www.nanumticket.or.kr/pe/detail.html?p_marking=&p_new=&start2=0&page_no2=1&p_idx=12256'), ('네이버N예약', 'https://booking.naver.com/booking/12/bizes/1082027'), ('인터파크', 'http://ticket.interpark.com/Ticket/Goods/GoodsInfo.asp?GoodsCode=24002524'), ('위메프', 'https://ticket.wemakeprice.com/product/3000011424')]",FC001247,올림픽공원 (뮤즈라이브),['http://www.kopis.or.kr/upload/pfmIntroImage/PF_PF236535_240304_0154170.jpg'],,,,,서울특별시 송파구 올림픽로 424 올림픽공원 (방이동),02-410-1114,http://www.olympicpark.co.kr/,,,,,,,,
PF236460,난타 [제주],2024.04.01,2024.12.31,140, , ,1시간 30분,12개월 이상, ,"VIP석 70,000원, S석 60,000원, A석 50,000원",http://www.kopis.or.kr/upload/pfmPoster/PF_PF236460_240304_103714.jpg,"[('네이버N예약', 'https://booking.naver.com/booking/12/bizes/87288'), ('타임티켓', 'https://www.timeticket.co.kr/?number=4928')]",FC001617,제주난타극장 (제주난타극장),['http://www.kopis.or.kr/upload/pfmIntroImage/PF_PF236460_240304_1037140.jpg'],,,,,제주특별자치도 제주시 선돌목동길 56-26 (오등동),064-723-8878,http://nanta.i-pmc.co.kr/Nanta/kr/about/nantaTheater04.aspx,,,,,,,,
PF236349,난타 [홍대],2024.04.01,2024.10.31,79, , ,1시간 30분,12개월 이상,(주)피엠씨프러덕션(PMC Production),"VIP석 70,000원, S석 60,000원, A석 50,000원",http://www.kopis.or.kr/upload/pfmPoster/PF_PF236349_240228_140949.jpeg,"[('네이버N예약', 'https://booking.naver.com/booking/12/bizes/141831'), ('인터파크', 'http://ticket.interpark.com/Ticket/Goods/GoodsInfo.asp?GoodsCode=23012005'), ('타임티켓', 'https://www.timeticket.co.kr/?number=5303')]",FC000090,홍대난타극장(구. 뮤직쇼웨딩 전용관) (홍대난타극장(구. 뮤직쇼웨딩 전용관)),['http://www.kopis.or.kr/upload/pfmIntroImage/PF_PF236349_240228_0209490.jpg'],,,,,서울특별시 마포구 양화로16길 29 (서교동),02-739-8288,http://www.i-pmc.co.kr/UIPage/Theatre/Theatre05.aspx,,,,,,,,
PF236138,소년 이순신: 잃어버린 거북선 설계도를 찾아라!,2024.06.01,2024.09.01,19,"서정화, 정춘권, 전용우, 정영서","서정화, 정춘권, 박광배 등",1시간 10분,36개월 이상,"경복궁아트홀, 극단 오렌지컴퍼니(오렌지아트컴퍼니)","전석 30,000원",http://www.kopis.or.kr/upload/pfmPoster/PF_PF236138_240702_092634.jpg,"[('네이버N예약', 'https://booking.naver.com/booking/5/bizes/1084927'), ('예스24', 'http://ticket.yes24.com/Perf/48902'), ('위메프', 'https://ticket.wemakeprice.com/product/3000012104'), ('인터파크', 'http://ticket.interpark.com/Ticket/Goods/GoodsInfo.asp?GoodsCode=24002494'), ('티몬', 'https://www.tmon.co.kr/deal/26564353838')]",FC000194,경복궁아트홀 (경복궁아트홀),['http://www.kopis.or.kr/upload/pfmIntroImage/PF_PF236138_240702_0925141.jpg'],,경복궁아트홀,서울,종로구,서울특별시 종로구 자하문로 82 (효자동),02-735-0506,https://gbgarthall.modoo.at/,,,,,,,,
PF235879,피노키오야 노올자~!,2024.03.23,2024.09.30,48,"민정섭, 장예슬, 이지연, 박소현, 이보윤","이영진, 민정섭",1시간,24개월 이상,지니아트랩,"전석 40,000원",http://www.kopis.or.kr/upload/pfmPoster/PF_PF235879_240221_105721.gif,"[('네이버N예약', 'https://booking.naver.com/booking/12/bizes/1083329'), ('예스24', 'http://ticket.yes24.com/Perf/48899'), ('위메프', 'https://ticket.wemakeprice.com/product/3000011461'), ('인터파크', 'http://ticket.interpark.com/Ticket/Goods/GoodsInfo.asp?GoodsCode=24002315'), ('쿠팡', 'https://trip.coupang.com/tp/products/30000010148843'), ('클립서비스', 'https://www.clipservice.co.kr/Clipservice/Ticket/ShowDetail?playNum=77717'), ('타임티켓', 'https://www.timeticket.co.kr/?number=5467'), ('티몬', 'www.tmon.co.kr/deal/26870982054'), ('티켓링크', 'http://www.ticketlink.co.kr/product/48658')]",FC001223,서연아트홀(구. 인아소극장) (서연아트홀(구. 인아소극장)),"['http://www.kopis.or.kr/upload/pfmIntroImage/PF_PF235879_240221_1057211.jpg', 'http://www.kopis.or.kr/upload/pfmIntroImage/PF_PF235879_240221_1057210.jpg']",,,,,서울특별시 종로구 창경궁로 258 - 9,070-5180-5956, ,,,,,,,,
PF235543,난타 [명동],2024.04.01,2024.09.30,48, , ,1시간 30분,12개월 이상,(주)피엠씨프러덕션(PMC Production),"VIP석 70,000원, S석 60,000원, A석 50,000원",http://www.kopis.or.kr/upload/pfmPoster/PF_PF235543_240215_132600.jpg,"[('네이버N예약', 'https://booking.naver.com/booking/12/bizes/139693'), ('인터파크', 'https://tickets.interpark.com/goods/22006637'), ('타임티켓', 'https://www.timeticket.co.kr/?number=4798')]",FC000580,명동난타극장 (명동난타극장),['http://www.kopis.or.kr/upload/pfmIntroImage/PF_PF235543_240215_0126000.jpg'],,,,,서울특별시 중구 명동길 26 (명동2가),02-739-8288,http://www.i-pmc.co.kr/UIPage/Theatre/Theatre01.aspx,,,,,,,,
PF234739,"더 맨 얼라이브, 초이스",2024.03.22,2024.09.29,47,"김종민, 전석형, 남충화, 장영국, 김종훈 등", ,1시간 15분,만 19세 이상, ,"Alive석 99,000원, Choice석 77,000원, Special석 110,000원",http://www.kopis.or.kr/upload/pfmPoster/PF_PF234739_240426_133221.gif,"[('네이버N예약', 'https://booking.naver.com/booking/12/bizes/1099197'), ('멜론티켓', 'https://ticket.melon.com/performance/index.htm?prodId=209922'), ('인터파크', 'http://ticket.interpark.com/Ticket/Goods/GoodsInfo.asp?GoodsCode=24000638'), ('타임티켓', 'https://www.timeticket.co.kr/?number=5551')]",FC002012,더 서울라이티움 (갤러리아포레) (G층 전용관),['http://www.kopis.or.kr/upload/pfmIntroImage/PF_PF234739_240426_0132211.jpg'],,,,,서울특별시 성동구 서울숲2길 32-14 (성수동1가),02-516-2513,http://www.seouliteum.com/,,,,,,,,
PF233263,인사이드 미,2024.01.03,2024.08.31,18,"윤채린, 김유림, 이재형, 서우연, 차윤오, 박세웅, 표근률 등","안수현, 서형래, 서홍석 등",1시간 50분,만 8세 이상, ,"전석 50,000원",http://www.kopis.or.kr/upload/pfmPoster/PF_PF233263_240102_124103.jpg,"[('네이버N예약', 'https://booking.naver.com/booking/12/bizes/1090865'), ('예스24', 'http://ticket.yes24.com/Perf/48206'), ('인터파크', 'http://ticket.interpark.com/Ticket/Goods/GoodsInfo.asp?GoodsCode=23018498'), ('티몬', 'www.tmon.co.kr/deal/26388577414'), ('티켓링크', 'http://www.ticketlink.co.kr/product/48985'), ('타임티켓', 'https://www.timeticket.co.kr/?number=5384')]",FC000139,JTN 아트홀(구. 대학로예술마당) (2관),"['http://www.kopis.or.kr/upload/pfmIntroImage/PF_PF233263_240102_1250042.jpg', 'http://www.kopis.or.kr/upload/pfmIntroImage/PF_PF233263_240102_1250041.jpg', 'http://www.kopis.or.kr/upload/pfmIntroImage/PF_PF233263_240102_1250040.jpg']",,JTN 아트홀(구. 대학로예술마당),서울,종로구,서울특별시 종로구 이화장길 26 (이화동),02-779-1595,http://www.jtnarthall.com/,,,,,,,,
PF233082,ABBA: 아바,2024.02.01,2024.08.31,18, , ,1시간 40분,만 7세 이상,광야아트미니스트리,"전석(주말) 70,000원, 전석(평일) 60,000원",http://www.kopis.or.kr/upload/pfmPoster/PF_PF233082_231226_135000.png,"[('네이버N예약', 'https://booking.naver.com/booking/12/bizes/1011798')]",FC002226,광야아트센터 (광야아트센터),['http://www.kopis.or.kr/upload/pfmIntroImage/PF_PF233082_240123_0404101.png'],,,,,서울특별시 강남구 선릉로 806 (청담동),02-741-9182,https://stgwangya.modoo.at/,,,,,,,,
PF231664,베어만: 마지막잎새,2023.12.02,2024.10.27,75,"허선우, 박선령, 김지원, 조재문, 이혜림","이미라, 정재훈, 조한나 등",1시간 20분,만 7세 이상,"극단 하이(SNG 씨어터, 하이뮤지컬컴퍼니)","전석 55,000원",http://www.kopis.or.kr/upload/pfmPoster/PF_PF231664_231204_113257.png,"[('네이버N예약', 'https://booking.naver.com/booking/12/bizes/1015178'), ('인터파크', 'http://ticket.interpark.com/Ticket/Goods/GoodsInfo.asp?GoodsCode=23018688')]",FC001688,소극장 쇠내골 (소극장 쇠내골),['http://www.kopis.or.kr/upload/pfmIntroImage/PF_PF231664_240711_1251301.jpg'],,,,,충청북도 청주시 상당구 단재로 28,010-6889-7388,http://himusical.com/,,,,,,,,
PF231450,반짝반짝 백설공주,2023.12.24,2024.08.31,18,"이시영, 박송연, 박슬아, 김서우, 임슬해, 허정호, 김주은 등", ,50분,24개월 이상, ,"전석 40,000원",http://www.kopis.or.kr/upload/pfmPoster/PF_PF231450_240429_105253.jpg,"[('네이버N예약', 'https://booking.naver.com/booking/12/bizes/868712'), ('인터파크', 'http://ticket.interpark.com/Ticket/Goods/GoodsInfo.asp?GoodsCode=23017481'), ('타임티켓', 'https://www.timeticket.co.kr/?number=5414'), ('티몬', 'www.tmon.co.kr/deal/25408722290')]",FC001884,달밤엔씨어터 (달밤엔씨어터),['http://www.kopis.or.kr/upload/pfmIntroImage/PF_PF231450_240429_1052021.jpg'],,,,,서울특별시 종로구 대학로14길 18-2 (혜화동),02-985-5654,https://www.instagram.com/dbncom/,,,,,,,,
PF229985,천로역정,2023.12.09,2024.10.31,79,"임미영, 이나영, 서태경, 김지혜, 김성호, 박상하, 박민규 등","이수함, 김은지, 김창대 등",1시간 40분,만 9세 이상,조이피플,"전석 60,000원",http://www.kopis.or.kr/upload/pfmPoster/PF_PF229985_240429_095219.gif,"[('11번가', 'http://ticket.11st.co.kr/Product/Detail/268482'), ('네이버N예약', 'https://booking.naver.com/booking/12/bizes/1019061'), ('예스24', 'http://ticket.yes24.com/Perf/47835'), ('인터파크', 'http://ticket.interpark.com/Ticket/Goods/GoodsInfo.asp?GoodsCode=23016783'), ('클립서비스', 'https://www.clipservice.co.kr/Clipservice/Ticket/ShowDetail?playNum=77555'), ('티몬', 'https://www.tmon.co.kr/deal/24751373770')]",FC003682,명륜아트홀 (명륜아트홀),['http://www.kopis.or.kr/upload/pfmIntroImage/PF_PF229985_240429_0952191.jpg'],,,,,서울특별시 종로구 성균관로 48-2 (명륜1가), , ,,,,,,,,
PF226333,언제는 행복하지 않은 순간이 있었나요 (언행순) [서울],2023.09.02,2024.08.15,2,"추연제, 이리건, 이경현, 안희진, 이채원, 홍수현, 박주연 등","김인성, 강다희, 이하연 등",2시간,전체 관람가, ,"전석 60,000원",http://www.kopis.or.kr/upload/pfmPoster/PF_PF226333_230920_161919.jpeg,"[('네이버N예약', 'https://booking.naver.com/booking/12/bizes/983181'), ('인터파크', 'http://ticket.interpark.com/Ticket/Goods/GoodsInfo.asp?GoodsCode=23003033')]",FC001535,엠스테이지(구.인사아트홀) (엠스테이지(구.인사아트홀)),['http://www.kopis.or.kr/upload/pfmIntroImage/PF_PF226333_230920_0419190.jpeg'],,,,,서울특별시 종로구 인사동길 34-1 (관훈동),02-2232-7952,https://www.samulnori.xyz/,,,,,,,,
PF222985,셰프 [서울],2023.08.01,2024.08.31,18, , ,1시간 15분,36개월 이상, ,"VIP석 70,000원, R석 60,000원, S석 50,000원",http://www.kopis.or.kr/upload/pfmPoster/PF_PF222985_230731_110538.gif,"[('네이버N예약', 'https://booking.naver.com/booking/12/bizes/114948'), ('예스24', 'http://ticket.yes24.com/Perf/49390'), ('인터파크', 'http://ticket.interpark.com/Ticket/Goods/GoodsInfo.asp?GoodsCode=23010427')]",FC000883,명보아트홀 (가온홀(B3F)),['http://www.kopis.or.kr/upload/pfmIntroImage/PF_PF222985_230731_1105380.jpg'],,,,,서울특별시 중구 마른내로 47 (초동),02-2274-2121,https://www.facebook.com/myungboart,,,,,,,,
PF203142,햇님이 달님이,2022.12.03,2024.09.08,26,"박선령, 허선우, 조재문, 이혜림","이병호, 박선령, 이미라 등",60분,전체 관람가,"극단 하이(SNG 씨어터, 하이뮤지컬컴퍼니)","전석 50,000원",http://www.kopis.or.kr/upload/pfmPoster/PF_PF203142_221128_151246.png,"[('네이버N예약', 'https://booking.naver.com/booking/12/bizes/381852'), ('인터파크', 'http://ticket.interpark.com/Ticket/Goods/GoodsInfo.asp?GoodsCode=24001835')]",FC001688,소극장 쇠내골 (소극장 쇠내골),['http://www.kopis.or.kr/upload/pfmIntroImage/PF_PF203142_240521_0145211.jpg'],,,,,충청북도 청주시 상당구 단재로 28,010-6889-7388,http://himusical.com/,,,,,,,,
PF201691,김종욱 찾기,2022.11.18,2024.08.31,18,"김도현, 김동준, 김소정, 박수련, 정현준, 심설빈, 박준형 등", ,1시간 40분,만 7세 이상, ,"전석 45,000원",http://www.kopis.or.kr/upload/pfmPoster/PF_PF201691_221108_133510.gif,"[('네이버N예약', 'https://booking.naver.com/booking/12/bizes/1057213'), ('대학로티켓닷컴', 'http://www.maketicket.co.kr/ticket/GD24571'), ('인터파크', 'http://ticket.interpark.com/Ticket/Goods/GoodsInfo.asp?GoodsCode=22015381'), ('쿠팡', 'https://trip.coupang.com/tp/products/30000000754638'), ('티켓링크', 'http://www.ticketlink.co.kr/product/42750'), ('위메프', 'https://ticket.wemakeprice.com/product/3000010673'), ('타임티켓', 'https://www.timeticket.co.kr/?number=4896'), ('티몬', 'www.tmon.co.kr/deal/25089075674')]",FC001199,브릭스씨어터 (구. 콘텐츠 그라운드 구. 브로드웨이아트홀 [3관]) (브릭스씨어터 (구. 콘텐츠 그라운드 구. 브로드웨이아트홀 [3관])),['http://www.kopis.or.kr/upload/pfmIntroImage/PF_PF201691_221108_0135100.jpg'],,,,,서울특별시 종로구 대학로8길 25 (동숭동),010-7270-8281, ,,,,,,,,
PF189888,아기돼지야 준비해!,2022.04.23,2024.11.17,96,"박선령, 조재문, 이혜림, 허선우, 이문수, 이진재","이병호, 박선령, 이미라 등",1시간,전체 관람가,"극단 하이(SNG 씨어터, 하이뮤지컬컴퍼니)","전석 40,000원",http://www.kopis.or.kr/upload/pfmPoster/PF_PF189888_220421_115934.png,"[('네이버N예약', 'https://booking.naver.com/booking/12/bizes/679139'), ('인터파크', 'https://tickets.interpark.com/goods/22004820')]",FC001688,소극장 쇠내골 (소극장 쇠내골),['http://www.kopis.or.kr/upload/pfmIntroImage/PF_PF189888_220421_1159340.png'],,,,,충청북도 청주시 상당구 단재로 28,010-6889-7388,http://himusical.com/,,,,,,,,
PF188943,써니텐,2022.05.05,2024.08.31,18, , ,1시간 40분,만 10세 이상,하마컴퍼니,"전석 55,000원",http://www.kopis.or.kr/upload/pfmPoster/PF_PF188943_220404_124309.gif,"[('11번가', 'http://ticket.11st.co.kr/Product/Detail/266246'), ('네이버N예약', 'https://booking.naver.com/booking/12/bizes/483020'), ('대학로티켓닷컴', 'http://www.maketicket.co.kr/ticket/GD20457'), ('예스24', 'http://ticket.yes24.com/Perf/41854'), ('옥션', 'http://ticket1.auction.co.kr/VIP/Item?IdPerf=39321'), ('위메프', 'https://ticket.wemakeprice.com/product/3000007921'), ('인터파크', 'https://tickets.interpark.com/goods/22007582'), ('쿠팡', 'https://trip.coupang.com/tp/products/100000031224'), ('타임티켓', 'https://timeticket.co.kr/?number=4475'), ('타임티켓', 'https://www.timeticket.co.kr/?number=5496'), ('티몬', 'www.tmon.co.kr/deal/11759806454'), ('티켓링크', 'https://www.ticketlink.co.kr/product/33975')]",FC001232,하마씨어터(구. 가든씨어터) (하마씨어터(구. 가든씨어터)),['http://www.kopis.or.kr/upload/pfmIntroImage/PF_PF188943_220404_1243090.jpg'],,,,,서울특별시 종로구 대학로10길 15 - 11,02-766-0830,https://blog.naver.com/hama9123,,,,,,,,
PF185308,두들팝 [서울],2022.01.22,2024.08.31,18, , ,50분,36개월 이상, ,"전석 50,000원",http://www.kopis.or.kr/upload/pfmPoster/PF_PF185308_240226_095326.gif,"[('11번가', 'http://ticket.11st.co.kr/Product/Detail/267133'), ('네이버N예약', 'https://booking.naver.com/booking/12/bizes/637580'), ('인터파크', 'http://ticket.interpark.com/Ticket/Goods/GoodsInfo.asp?GoodsCode=21013289'), ('클립서비스', 'https://www.clipservice.co.kr/Clipservice/Ticket/ShowDetail?playNum=77567'), ('티켓링크', 'http://www.ticketlink.co.kr/product/50265'), ('티몬', 'www.tmon.co.kr/deal/17319104238'), ('위메프', 'https://ticket.wemakeprice.com/product/product/3000007033')]",FC000847,신한카드 SOL페이 스퀘어(구.신한pLay 스퀘어) (드림홀),"['http://www.kopis.or.kr/upload/pfmIntroImage/PF_PF185308_211230_1112081.jpg', 'http://www.kopis.or.kr/upload/pfmIntroImage/PF_PF185308_211230_1112070.jpg']",,,,,"서울특별시 마포구 양화로 45 (서교동, 메세나폴리스)",00-1544-1555,http://www.solpay-square.com/,,,,,,,,
PF183513,스크루테이프의 편지,2022.01.01,2024.10.26,74,"김성호, 서태경, 박민규, 김가슬, 홍종찬, 임미영, 박하빈 등","서은영, 김은지, 김찬 등",1시간 20분,만 9세 이상,조이피플,"전석 60,000원",http://www.kopis.or.kr/upload/pfmPoster/PF_PF183513_240807_132710.jpg,"[('11번가', 'http://ticket.11st.co.kr/Product/Detail/265940'), ('나눔티켓', 'http://www.nanumticket.or.kr/Home/PerfInfo/PerfDetailInfo.aspx?IdPerf=10736'), ('네이버N예약', 'https://booking.naver.com/booking/12/bizes/608197'), ('예스24', 'http://ticket.yes24.com/Perf/40844'), ('옥션', 'http://ticket1.auction.co.kr/VIP/Item?IdPerf=39082'), ('인터파크', 'http://ticket.interpark.com/Ticket/Goods/GoodsInfo.asp?GoodsCode=24000136'), ('클립서비스', 'https://www.clipservice.co.kr/Clipservice/Ticket/ShowDetail?playNum=76834'), ('티켓링크', 'http://www.ticketlink.co.kr/product/36584'), ('위메프', 'https://ticket.wemakeprice.com/product/3000008082'), ('페이북', '-'), ('티몬', 'www.tmon.co.kr/deal/12319975010')]",FC000558,북촌나래홀 (북촌나래홀),['http://www.kopis.or.kr/upload/pfmIntroImage/PF_PF183513_240807_0127451.jpg'],,,,,서울특별시 종로구 창덕궁길 29 - 38,02-988-2258, ,,,,,,,,
PF178635,장수탕 선녀님 [서울숲],2021.09.16,2024.09.08,26, ,"정준, 조한나, 홍승희 등",1시간,12개월 이상,할리퀸크리에이션즈(주),"전석 66,000원",http://www.kopis.or.kr/upload/pfmPoster/PF_PF178635_210820_102721.gif,"[('11번가', 'http://ticket.11st.co.kr/Product/Detail/267798'), ('네이버N예약', 'https://booking.naver.com/booking/12/bizes/655445'), ('인터파크', 'http://ticket.interpark.com/Ticket/Goods/GoodsInfo.asp?GoodsCode=21007404'), ('클립서비스', 'https://www.clipservice.co.kr/Clipservice/Ticket/ShowDetail?playNum=77050'), ('위메프', 'https://ticket.wemakeprice.com/product/3000010720'), ('티몬', 'www.tmon.co.kr/deal/25689213774'), ('타임티켓', 'https://www.timeticket.co.kr/?number=5402')]",FC002012,더 서울라이티움 (갤러리아포레) (G층 전용관),['http://www.kopis.or.kr/upload/pfmIntroImage/PF_PF178635_240718_1142341.jpg'],,,,,서울특별시 성동구 서울숲2길 32-14 (성수동1가),02-516-2513,http://www.seouliteum.com/,,,,,,,,
PF178134,반짝반짝 인어공주,2021.08.21,2024.08.31,18, , ,50분,전체 관람가, ,"전석 30,000원",http://www.kopis.or.kr/upload/pfmPoster/PF_PF178134_210809_125033.PNG,"[('네이버N예약', 'https://booking.naver.com/booking/12/bizes/147456'), ('인터파크', 'http://ticket.interpark.com/Ticket/Goods/GoodsInfo.asp?GoodsCode=21007238'), ('쿠팡', 'https://trip.coupang.com/tp/products/30000001754372'), ('티몬 ', 'www.tmon.co.kr/deal/7843559010'), ('위메프 ', 'https://ticket.wemakeprice.com/product/3000006262'), ('타임티켓', 'https://www.timeticket.co.kr/?number=5133')]",FC001884,달밤엔씨어터 (달밤엔씨어터),['http://www.kopis.or.kr/upload/pfmIntroImage/PF_PF178134_210809_1250330.jpg'],,,,,서울특별시 종로구 대학로14길 18-2 (혜화동),02-985-5654,https://www.instagram.com/dbncom/,,,,,,,,
PF173894,프리즌 [H씨어터],2021.05.01,2024.08.31,18,"김선오, 이창한, 홍차민, 원주, 이상윤, 황수빈, 조웅희 등", ,1시간 30분,만 7세 이상, ,"전석 50,000원",http://www.kopis.or.kr/upload/pfmPoster/PF_PF173894_240522_105343.gif,"[('11번가', 'https://ticket.11st.co.kr/Product/Detail?id=265154'), ('네이버N예약', 'https://booking.naver.com/booking/12/bizes/348118/items/3888901'), ('네이버N예약', 'https://booking.naver.com/booking/12/bizes/348118'), ('대학로티켓닷컴', 'http://www.maketicket.co.kr/ticket/GD19338'), ('예스24', 'http://ticket.yes24.com/Pages/Perf/Detail/Detail.aspx?IdPerf=38930'), ('옥션', 'http://ticket1.auction.co.kr/VIP/Item?IdPerf=38798'), ('위메프', 'https://ticket.wemakeprice.com/product/3000007147'), ('인터파크', 'http://ticket.interpark.com/Ticket/Goods/GoodsInfo.asp?GoodsCode=21003285'), ('쿠팡', 'https://trip.coupang.com/tp/products/30000000421596'), ('타임티켓', 'https://www.timeticket.co.kr/index.php?number=4352'), ('티몬', 'www.tmon.co.kr/deal/27073776634')]",FC001804,에이치씨어터 (익스트림씨어터 2관),['http://www.kopis.or.kr/upload/pfmIntroImage/PF_PF173894_240522_1053431.jpg'],,,,,서울특별시 종로구 이화장길 54 (이화동),00-1566-0507,https://www.instagram.com/daengro_prison/,,,,,,,,
PF172547,빌의 구둣방,2021.03.20,2024.12.31,140,"박선령, 허선우, 조재문, 이혜림, 김지원","이병호, 박선령, 이미라 등",1시간 20분,만 7세 이상,"극단 하이(SNG 씨어터, 하이뮤지컬컴퍼니)","전석 55,000원",http://www.kopis.or.kr/upload/pfmPoster/PF_PF172547_210318_100837.PNG,"[('네이버N예약', 'https://booking.naver.com/booking/12/bizes/496742'), ('옥션', 'http://ticket1.auction.co.kr/VIP/Item?IdPerf=38579'), ('인터파크', 'http://ticket.interpark.com/Ticket/Goods/GoodsInfo.asp?GoodsCode=21001949')]",FC001688,소극장 쇠내골 (소극장 쇠내골),['http://www.kopis.or.kr/upload/pfmIntroImage/PF_PF172547_240729_0254591.jpg'],,,,,충청북도 청주시 상당구 단재로 28,010-6889-7388,http://himusical.com/,,,,,,,,
PF159714,세례요한,2019.12.21,2024.08.31,18,"김솔로몬, 이수함, 이나영, 박예소, 이동국","서은영, 박예소, 김은지 등",1시간 40분,만 10세 이상, ,"전석 40,000원",http://www.kopis.or.kr/upload/pfmPoster/PF_PF159714_191216_125554.jpg,"[('11번가', 'http://ticket.11st.co.kr/Product/Detail/263694'), ('나눔티켓', 'http://www.nanumticket.or.kr/Home/PerfInfo/PerfDetailInfo.aspx?IdPerf=10495'), ('네이버N예약', 'https://booking.naver.com/booking/12/bizes/539963'), ('예스24', 'http://ticket.yes24.com/Pages/Perf/Detail/Detail.aspx?IdPerf=35824'), ('옥션', 'http://ticket1.auction.co.kr/VIP/Item?IdPerf=37767'), ('인터파크', 'https://tickets.interpark.com/goods/24003715'), ('쿠팡', 'https://trip.coupang.com/tp/products/30000000421368'), ('클립서비스', 'https://www.clipservice.co.kr/Clipservice/Ticket/ShowDetail?playNum=77305'), ('티켓링크', 'http://www.ticketlink.co.kr/product/32471'), ('하나투어', 'http://ticket.hanatour.com/Pages/Perf/Detail/Detail.aspx?idperf=37658'), ('페이북', 'https://paybooc.co.kr/app/paybooc/Culture.do?mFocus=Culture&returnURL=https://ticket.paybooc.co.kr:447/Play/PlayDetail?playNum=70382'), ('위메프', 'https://ticket.wemakeprice.com/product/3000002404'), ('나눔티켓(한국문화예술위원회)', 'https://www.nanumticket.or.kr/pe/detail.html?p_idx=11317'), ('티몬', 'www.tmon.co.kr/deal/13076939106')]",FC000558,북촌나래홀 (북촌나래홀),['http://www.kopis.or.kr/upload/pfmIntroImage/PF_PF159714_200805_0930261.jpg'],,,,,서울특별시 종로구 창덕궁길 29 - 38,02-988-2258, ,,,,,,,,
PF155520,라면에 파송송,2019.10.05,2024.08.31,18,"김재선, 박준호, 이예은, 김태경", ,1시간 35분,만 10세 이상,극단 기적,"전석 30,000원",http://www.kopis.or.kr/upload/pfmPoster/PF_PF155520_200901_112228.gif,"[('네이버N예약', 'https://booking.naver.com/booking/12/bizes/268616?area=bni'), ('인터파크', 'https://tickets.interpark.com/goods/22004693'), ('클립서비스', 'https://www.clipservice.co.kr/Clipservice/Ticket/PlayList?keyword=%EB%9D%BC%EB%A9%B4%EC%97%90+%ED%8C%8C%EC%86%A1%EC%86%A1'), ('위메프 ', 'https://ticket.wemakeprice.com/product/3000008395'), ('페이북', '-')]",FC002297,로즈아트홀 (로즈아트홀),['http://www.kopis.or.kr/upload/pfmIntroImage/PF_PF155520_200901_1122281.jpg'],,,,,서울특별시 노원구 석계로7길 12-8 (월계동) ,070-4078-5586, ,,,,,,,,
PF150471,"빨간모자야 조심해! [청주, 세종]",2018.01.26,2024.08.15,2,"박선령, 허혁, 조재문, 이혜림","이병호, 박선령, 김병철 등",1시간,전체 관람가,"극단 하이(SNG 씨어터, 하이뮤지컬컴퍼니)","전석 50,000원",http://www.kopis.or.kr/upload/pfmPoster/PF_PF150471_200629_135159.gif,"[('네이버N예약', 'http://booking.naver.com/booking/12/bizes/379382'), ('인터파크', 'http://ticket.interpark.com/Ticket/Goods/GoodsInfo.asp?GoodsCode=18000670')]",FC001688,소극장 쇠내골 (소극장 쇠내골),['http://www.kopis.or.kr/upload/pfmIntroImage/PF_PF150471_200629_0151591.jpg'],,,,,충청북도 청주시 상당구 단재로 28,010-6889-7388,http://himusical.com/,,,,,,,,
PF145801,반짝반짝 라푼젤,2018.08.01,2024.08.31,18,"이시영, 허정호, 김성환, 임슬해",김대철,50분,전체 관람가, ,"전석 30,000원",http://www.kopis.or.kr/upload/pfmPoster/PF_PF145801_181213_104716.jpg,"[('네이버N예약', 'https://booking.naver.com/booking/12/bizes/88014?area=bni'), ('대학로티켓닷컴', 'http://www.maketicket.co.kr/ticket/GD10673'), ('위메프', 'https://ticket.wemakeprice.com/product/3000009304'), ('인터파크', 'http://ticket.interpark.com/Ticket/Goods/GoodsInfo.asp?GoodsCode=19010914'), ('쿠팡', 'https://trip.coupang.com/tp/products/100000013409'), ('타임티켓', 'https://www.timeticket.co.kr/?number=3817'), ('티몬', 'www.tmon.co.kr/deal/1680729290')]",FC001884,달밤엔씨어터 (달밤엔씨어터),"['http://www.kopis.or.kr/upload/pfmIntroImage/PF_PF145801_210812_04081225.jpg', 'http://www.kopis.or.kr/upload/pfmIntroImage/PF_PF145801_210812_04073422.jpg']",,,,,서울특별시 종로구 대학로14길 18-2 (혜화동),02-985-5654,https://www.instagram.com/dbncom/,,,,,,,,
